date,corr_weekly_roll8_ffill,corr_daily_roll30,fed_net_liquidity_weekly,KOSPI,NASDAQ,KOSPI_rebased,NASDAQ_rebased
2025-08-01,,,,3119.409912109375,20650.130859375,100.0,100.0
2025-08-04,,,,3147.75,21053.580078125,100.90850797712125,101.95373686248016
2025-08-05,,,,3198.0,20916.55078125,102.519389567416,101.29016093742597
2025-08-06,,,,3198.139892578125,21169.419921875,102.52387415206718,102.51470107398497
2025-08-07,,,,3227.679931640625,21242.69921875,103.470849377985,102.86956224834758
2025-08-08,,,6139497.0,3210.010009765625,21450.01953125,102.90439859489275,103.87352834382575
2025-08-11,,,6139497.0,3206.77001953125,21385.400390625,102.80053310989196,103.56060470636773
2025-08-12,,,6139497.0,3189.909912109375,21681.900390625,102.26004282817472,104.99643095860375
2025-08-13,,,6139497.0,3224.3701171875,21713.140625,103.36474551390876,105.14771442788413
2025-08-14,,,6139497.0,3225.659912109375,21710.669921875,103.40609291480236,105.13574983966032
2025-08-15,,,6105554.0,,21622.98046875,,104.71110626852678
2025-08-18,,,6105554.0,3177.280029296875,21629.76953125,101.85516231652824,104.74398287616783
2025-08-19,,,6105554.0,3151.56005859375,21314.94921875,101.030648340238,103.21943896579802
2025-08-20,,,6105554.0,3130.090087890625,21172.859375,100.34237808053985,102.53135691577316
2025-08-21,,,6105554.0,3141.739990234375,21100.310546875,100.71584302012748,102.18003309792888
2025-08-22,,,6062606.0,3168.72998046875,21496.5390625,101.58107045079,104.09880309664352
2025-08-25,,,6062606.0,3209.860107421875,21449.2890625,102.89959312373078,103.86999098730745
2025-08-26,,0.11301994605615905,6062606.0,3179.360107421875,21544.26953125,101.92184409877576,104.3299419164168
2025-08-27,,0.11286680882160487,6062606.0,3187.159912109375,21590.140625,102.1718851292034,104.5520765559616
2025-08-28,,0.11366778551830256,6062606.0,3196.320068359375,21705.16015625,102.46553541910086,105.10906833501264
2025-08-29,0.9052473098034336,0.16579626642930242,5935488.0,3186.010009765625,21455.55078125,102.13502231296091,103.90031388837104
2025-09-01,0.9052473098034336,0.16579626642930242,5935488.0,3142.929931640625,,100.75398938241322,
2025-09-02,0.9052473098034336,0.16579626642930242,5935488.0,3172.35009765625,21279.630859375,101.6971217967015,103.048406832319
2025-09-03,0.9052473098034336,0.17276566961441855,5935488.0,3184.419921875,21497.73046875,102.08404831674284,104.10457258187397
2025-09-04,0.9052473098034336,0.18489130029752118,5935488.0,3200.830078125,21707.689453125,102.61011435847392,105.1213166684117
2025-09-05,0.9049827340578843,0.18656730989255246,5983561.0,3205.1201171875,21700.390625,102.74764162110924,105.08597147774582
2025-09-08,0.9049827340578843,0.1885409348781701,5983561.0,3219.590087890625,21798.69921875,103.21151046524396,105.56203913281044
2025-09-09,0.9049827340578843,0.1845861497535199,5983561.0,3260.050048828125,21879.490234375,104.50854939496064,105.95327643864243
2025-09-10,0.9049827340578843,0.14591040773443223,5983561.0,3314.530029296875,21886.060546875,106.25503292882588,105.98509373096248
2025-09-11,0.9049827340578843,0.15838327341267136,5983561.0,3344.199951171875,22043.0703125,107.206171852884,106.74542676078303
2025-09-12,0.7013822611671863,0.16031595963452708,5916357.0,3395.5400390625,22141.099609375,108.85199876685662,107.22014189717888
2025-09-15,0.7013822611671863,0.11398745378257427,5916357.0,3407.31005859375,22348.75,109.22931434457404,108.22570642381106
2025-09-16,0.7013822611671863,0.18015551633330032,5916357.0,3449.6201171875,22333.9609375,110.58566249328976,108.15408914157342
2025-09-17,0.7013822611671863,0.2516023996950916,5916357.0,3413.39990234375,22261.330078125,109.42453856715406,107.80236808048376
2025-09-18,0.7013822611671863,0.2858755358773796,5916357.0,3461.300048828125,22470.720703125,110.96009009240984,108.81635983882138
2025-09-19,0.6784865790523715,0.3083618306839578,5840858.0,3445.239990234375,22631.48046875,110.44524725205709,109.59485255985912
2025-09-22,0.6784865790523715,0.3020747187867923,5840858.0,3468.64990234375,22788.98046875,111.1957068828513,110.35755959097943
2025-09-23,0.6784865790523715,0.37266482428431,5840858.0,3486.18994140625,22573.470703125,111.7579939678032,109.31393537817132
2025-09-24,0.6784865790523715,0.3979741575086403,5840858.0,3472.139892578125,22497.859375,111.30758670412222,108.947781145833
2025-09-25,0.6784865790523715,0.4051761673380835,5840858.0,3471.110107421875,22384.69921875,111.27457452600952,108.39979354701047
2025-09-26,0.7422600697770012,0.2899556665909426,5755466.0,3386.050048828125,22484.0703125,108.54777487510276,108.88100644791992
2025-09-29,0.7422600697770012,0.29881477608951784,5755466.0,3431.2099609375,22591.150390625,109.99548176139773,109.39955075572216
2025-09-30,0.7422600697770012,0.22419516257141697,5755466.0,3424.60009765625,22660.009765625,109.7835870932558,109.73300808569712
2025-10-01,0.7422600697770012,0.18089699152356434,5755466.0,3455.830078125,22755.16015625,110.78473735399956,110.19378187581476
2025-10-02,0.7422600697770012,0.17614380308787045,5755466.0,3549.2099609375,22844.05078125,113.77824848089584,110.6242422230413
2025-10-03,0.7696970310164085,0.15874035046466567,5756588.0,,22780.509765625,,110.3165394968082
2025-10-06,0.7696970310164085,0.19255394109162205,5756588.0,,22941.669921875,,111.09697114321028
2025-10-07,0.7696970310164085,0.21710983789826097,5756588.0,,22788.359375,,110.3545518921216
2025-10-08,0.7696970310164085,0.2164571122610794,5756588.0,,23043.380859375,,111.58951493478544
2025-10-09,0.7696970310164085,0.2212296959556269,5756588.0,,23024.630859375,,111.49871647869966
2025-10-10,0.5118090760990452,0.16101691911777719,5779263.0,3610.60009765625,22204.4296875,115.74625327822748,107.52682314078102
2025-10-13,0.5118090760990452,-0.02237026256948292,5779263.0,3584.550048828125,22694.609375,114.91115787358058,109.90055961169284
2025-10-14,0.5118090760990452,0.05319920082333895,5779263.0,3561.81005859375,22521.69921875,114.18217415951015,109.06322759947705
2025-10-15,0.5118090760990452,0.0913670734040061,5779263.0,3657.280029296875,22670.080078125,117.2426879551648,109.78177442315317
2025-10-16,0.5118090760990452,0.006956908663360451,5779263.0,3748.3701171875,22562.5390625,120.162794336087,109.2609979866388
2025-10-17,0.5172103274432517,-0.007856945874117848,5782759.0,3748.889892578125,22679.970703125,120.1794569551486,109.82967060873838
2025-10-20,0.5172103274432517,0.05218550760030147,5782759.0,3814.68994140625,22990.5390625,122.28883182674508,111.33362407755624
2025-10-21,0.5172103274432517,0.05984770564128617,5782759.0,3823.840087890625,22953.669921875,122.58216123013176,111.15508215510516
2025-10-22,0.5172103274432517,0.015203774757123274,5782759.0,3883.679931640625,22740.400390625,124.50046775078827,110.12230646616476
2025-10-23,0.5172103274432517,-0.033029382569892525,5782759.0,3845.56005859375,22941.80078125,123.2784458261,111.09760484076835
2025-10-24,0.5473445763516677,0.03214991492913228,5679097.0,3941.590087890625,23204.869140625,126.35691361335977,112.371535554169
2025-10-27,0.5473445763516677,0.14695774431493255,5679097.0,4042.830078125,23637.4609375,129.60239891624886,114.46639780865492
2025-10-28,0.5473445763516677,0.1323490250696769,5679097.0,4010.409912109375,23827.490234375,128.5630944667191,115.3866307029115
2025-10-29,0.5473445763516677,0.09592670174649172,5679097.0,4081.14990234375,23958.470703125,130.83083074465316,116.02091466770554
2025-10-30,0.5473445763516677,0.10713252821779659,5679097.0,4086.889892578125,23581.140625,131.01483959235514,114.19366194618736
2025-10-31,0.6055455999900023,0.12273159580577435,5577242.0,4107.5,23724.9609375,131.67554491812425,114.89012393705512
2025-11-03,0.6055455999900023,0.12826955036629695,5577242.0,4221.8701171875,23834.720703125,135.34194723170032,115.4216448575396
2025-11-04,0.6055455999900023,0.29911397880775203,5577242.0,4121.740234375,23348.640625,132.13204902551072,113.06776109072403
2025-11-05,0.6055455999900023,0.22805878551837314,5577242.0,4004.419921875,23499.80078125,128.37107128274695,113.79976689388032
2025-11-06,0.6055455999900023,0.19929563122942603,5577242.0,4026.449951171875,23053.990234375,129.07729553405025,111.64089172785394
2025-11-07,0.7704164083508553,0.24531093599635823,5626850.0,3953.760009765625,23004.5390625,126.74704899850929,111.40142025810027
2025-11-10,0.7704164083508553,0.3213217329057969,5626850.0,4073.239990234375,23527.169921875,130.57725996260655,113.932304265248
2025-11-11,0.7704164083508553,0.320440905321789,5626850.0,4106.39013671875,23468.30078125,131.63996564792504,113.64722548765629
2025-11-12,0.7704164083508553,0.31410975115599044,5626850.0,4150.39013671875,23406.4609375,133.05048883146674,113.34776082967846
2025-11-13,0.7704164083508553,0.2964868372202406,5626850.0,4170.6298828125,22870.359375,133.69932135633562,110.7516438067366
2025-11-14,0.8313900678682236,0.260889559926146,5625087.0,4011.570068359375,22900.58984375,128.60028599597263,110.89803740082988
2025-11-17,0.8313900678682236,0.22999641502646667,5625087.0,4089.25,22708.0703125,131.09049837040524,109.9657453366244
2025-11-18,0.8313900678682236,0.2850078469108349,5625087.0,3953.6201171875,22432.849609375,126.74256441385812,108.6329658738732
2025-11-19,0.8313900678682236,0.2748010693018952,5625087.0,3929.510009765625,22564.23046875,125.96965838030734,109.26918876403155
2025-11-20,0.8313900678682236,0.20626728595071503,5625087.0,4004.85009765625,22078.05078125,128.38486157621176,106.91482263041804
2025-11-21,0.8858443974827506,0.14091666764392363,5610854.0,3853.260009765625,22273.080078125,123.52528581791977,107.85926844629748
2025-11-24,0.8858443974827506,0.15055975364859317,5610854.0,3846.06005859375,22872.009765625,123.29447449864026,110.75963596250666
2025-11-25,0.8858443974827506,0.1419321796174555,5610854.0,3857.780029296875,23025.58984375,123.6701856438036,111.50336044140155
2025-11-26,0.8858443974827506,0.14673494904579745,5610854.0,3960.8701171875,23214.689453125,126.9749801656917,112.4190912455439
2025-11-27,0.8858443974827506,0.167950716933324,5610854.0,3986.909912109375,,127.80974685732753,
2025-11-28,0.731605306539002,0.16944598290704985,5641464.0,3926.590087890625,23365.689453125,125.87605343715238,113.15032147855447
2025-12-01,0.731605306539002,0.14726816898618944,5641464.0,3920.3701171875,23275.919921875,125.67665768993174,112.71560495369894
2025-12-02,0.731605306539002,0.15818696366947183,5641464.0,3994.929931640625,23413.669921875,128.0668473909931,113.38267094440891
2025-12-03,0.731605306539002,0.18119439514605792,5641464.0,4036.300048828125,23454.08984375,129.3930635136932,113.5784078244813
2025-12-04,0.731605306539002,0.19625408385613421,5641464.0,4028.510009765625,23505.140625,129.14333554327612,113.82562553751976
2025-12-05,0.7830175071127742,0.1706662725325396,5597129.0,4100.0498046875,23578.130859375,131.43671143607435,114.17908690235107
2025-12-08,0.7830175071127742,0.10976492493970107,5597129.0,4154.85009765625,23545.900390625,133.19346333828568,114.02300813960868
2025-12-09,0.7830175071127742,0.12271004831718356,5597129.0,4143.5498046875,23576.490234375,132.8312059470758,114.1711420374436
2025-12-10,0.7830175071127742,0.10667597872117841,5597129.0,4135.0,23654.150390625,132.5571219078378,114.54721789274376
2025-12-11,0.7830175071127742,0.1136069343355315,5597129.0,4110.6201171875,23593.859375,131.7755675914955,114.25525356556552
2025-12-12,0.7327795680875074,0.0717120340782243,5679519.0,4167.16015625,23195.169921875,133.58809113458662,112.32456626948964
2025-12-15,0.7327795680875074,0.0617983640716771,5679519.0,4090.590087890625,23057.41015625,131.1334580303532,111.6574529879171
2025-12-16,0.7327795680875074,-0.023734671203084846,5679519.0,3999.1298828125,23111.4609375,128.2014866750311,111.91919845392928
2025-12-17,0.7327795680875074,-0.028681715340346022,5679519.0,4056.409912109375,22693.3203125,130.03773234042177,109.89431721783691
2025-12-18,0.7327795680875074,-0.05307269486495391,5679519.0,3994.510009765625,23006.359375,128.05338581053937,111.41023527487862
2025-12-19,0.6048175900066474,-0.04661920246292773,5720721.0,4020.550048828125,23307.619140625,128.88816032867544,112.86911109351892
2025-12-22,0.6048175900066474,-0.15609111322071367,5720721.0,4105.93017578125,23428.830078125,131.62522052142808,113.45608527942326
2025-12-23,0.6048175900066474,-0.15030653816729886,5720721.0,4117.31982421875,23561.83984375,131.99034241173447,114.10019628545407
2025-12-24,0.6048175900066474,-0.14698761776616454,5720721.0,4108.6201171875,23613.310546875,131.71145290133452,114.34944750558198
2025-12-25,0.6048175900066474,-0.13761884990533305,5720721.0,,,,
2025-12-26,0.5673064748369827,-0.14880851065000458,5723772.0,4129.68017578125,23593.099609375,132.38658246708977,114.25157433645954
2025-12-29,0.5673064748369827,-0.139032614054073,5723772.0,4220.56005859375,23474.349609375,135.29995023128484,113.67651744791644
2025-12-30,0.5673064748369827,-0.2769800219228548,5723772.0,4214.169921875,23419.080078125,135.09509941338032,113.40887008225866
2025-12-31,0.5673064748369827,-0.2695323298183571,5723772.0,,23241.990234375,,112.55129758087377
2026-01-01,0.5673064748369827,-0.1955274133806732,5723772.0,,,,
2026-01-02,0.2734806676631586,-0.13627018391381254,5797645.0,4309.6298828125,23235.630859375,138.15529232252413,112.52050177118468
2026-01-05,0.2734806676631586,-0.01662927117380529,5797645.0,4457.52001953125,23395.8203125,142.89625746931836,113.2962327058498
2026-01-06,0.2734806676631586,0.009972160862579814,5797645.0,4525.47998046875,23547.169921875,145.0748733887486,114.02915595173948
2026-01-07,0.2734806676631586,-0.05452381767160343,5797645.0,4551.06005859375,23584.279296875,145.8949027803877,114.2088612294092
2026-01-08,0.2734806676631586,-0.043118634667370856,5797645.0,4552.3701171875,23480.01953125,145.9368997808032,113.70397452270988
2026-01-09,0.3553892301265486,-0.035175390192018145,5774174.0,4586.31982421875,23671.349609375,147.02523725448563,114.63050655985742
2026-01-12,0.3553892301265486,-0.047888205233502214,5774174.0,4624.7900390625,23733.900390625,148.25849020705243,114.93341399262847
2026-01-13,0.3553892301265486,-0.08506651980364086,5774174.0,4692.64013671875,23709.869140625,150.43358420136394,114.81704063807858
2026-01-14,0.3553892301265486,-0.08908002495647208,5774174.0,4723.10009765625,23471.75,151.4100496802757,113.66392862030705
2026-01-15,0.3553892301265486,-0.07452149396214136,5774174.0,4797.5498046875,23530.01953125,153.7967096297181,113.94610373893856
2026-01-16,-0.05071819526254595,-0.09094477911052237,5801303.0,4840.740234375,23515.390625,155.18128013838503,113.87526202684664
2026-01-19,-0.05071819526254595,-0.08619703420704815,5801303.0,4904.66015625,,157.23038313145005,
2026-01-20,-0.05071819526254595,-0.08354861997757772,5801303.0,4885.75,22954.3203125,156.6241737270178,111.1582317265506
2026-01-21,-0.05071819526254595,-0.07579576377270361,5801303.0,4909.93017578125,23224.8203125,157.3993259661443,112.46815078634772
2026-01-22,-0.05071819526254595,-0.08525104234955495,5801303.0,4952.52978515625,23436.01953125,158.76495634417284,113.49090081242863
2026-01-23,0.09500247758167635,-0.033253244147537914,5714392.0,4990.06982421875,23501.240234375,159.9683903307346,113.80673756701944
2026-01-26,0.09500247758167635,-0.1550273443669722,5714392.0,4949.58984375,23601.359375,158.67070962799627,114.2915729479998
2026-01-27,0.09500247758167635,-0.10180069279544034,5714392.0,5084.85009765625,23817.099609375,163.006794263144,115.336313225164
2026-01-28,0.09500247758167635,-0.057819446932837776,5714392.0,5170.81005859375,23857.44921875,165.7624423940231,115.53170961102605
2026-01-29,0.09500247758167635,0.13813142734801856,5714392.0,5221.25,23685.119140625,167.37941300152312,114.69718667604538
2026-01-30,0.04284237373864899,0.24576017858273497,5654897.0,5224.35986328125,23461.8203125,167.4791069618833,113.61584327127164
2026-02-02,0.04284237373864899,0.022762400490099456,5654897.0,4949.669921875,23592.109375,158.6732767200828,114.24677904299752
2026-02-03,0.04284237373864899,-0.2810264720714199,5654897.0,5288.080078125,23255.189453125,169.52180787773256,112.61521591068912
2026-02-04,0.04284237373864899,-0.2748854686198678,5654897.0,5371.10009765625,22904.580078125,172.18320929243507,110.91736044726564
2026-02-05,0.04284237373864899,-0.044757068841121,5654897.0,5163.56982421875,22540.58984375,165.5303397022001,109.15470704398342
2026-02-06,0.26980211640721946,-0.13758048781587995,5694025.0,5089.14013671875,23031.2109375,163.14432152577936,111.53058106188227
2026-02-09,0.26980211640721946,-0.06107305389870602,5694025.0,5298.0400390625,23238.669921875,169.84109778249422,112.5352186876086
2026-02-10,0.26980211640721946,-0.05692592143588281,5694025.0,5301.68994140625,23102.470703125,169.9581039614379,111.87566248587066
2026-02-11,0.26980211640721946,-0.05761081387019353,5694025.0,5354.490234375,23066.470703125,171.65074117348823,111.70132945018602
2026-02-12,0.26980211640721946,-0.13230302597548677,5694025.0,5522.27001953125,22597.150390625,177.0293156437731,109.4286062616696
2026-02-13,0.14785025113792977,-0.1272912013333196,5706699.0,5507.009765625,22546.669921875,176.54011241828448,109.18415033500376
2026-02-16,0.14785025113792977,-0.16546439908226068,5706699.0,,,,
2026-02-17,0.14785025113792977,-0.1772442962914043,5706699.0,,22578.380859375,,109.33771322385876
2026-02-18,0.14785025113792977,-0.1766925324372282,5706699.0,,22753.630859375,,110.18637612674029
2026-02-19,0.14785025113792977,-0.1825760493613687,5706699.0,5677.25,22682.73046875,181.99756235822784,109.84303500649352
2026-02-20,0.2889435212478162,-0.1535603247966276,5700172.0,5808.52978515625,22886.0703125,186.2060437330747,110.82772534639848
2026-02-23,0.2889435212478162,-0.14685402989860663,5700172.0,5846.08984375,22627.26953125,187.41011949265803,109.57446073992986
2026-02-24,0.2889435212478162,-0.11791935299470713,5700172.0,5969.64013671875,22863.6796875,191.3708138691533,110.71929685675607
2026-02-25,0.2889435212478162,-0.09801273680908307,5700172.0,6083.85986328125,23152.080078125,195.0323950585669,112.11590006759756
2026-02-26,0.2889435212478162,-0.14669489398071772,5700172.0,6307.27001953125,22878.380859375,202.19433153196,110.7904885212308
2026-02-27,0.22157901759931445,-0.11627815026027999,5709867.0,6244.1298828125,22668.2109375,200.1702263807375,109.77272295206213
2026-03-02,0.22157901759931445,-0.11627815026027999,5709867.0,,22748.859375,,110.16326981130096
2026-03-03,0.22157901759931445,-0.11627815026027999,5709867.0,5791.91015625,22516.689453125,185.6732625541173,109.03896738699164
2026-03-04,0.22157901759931445,-0.2605012374939433,5709867.0,5093.5400390625,22807.48046875,163.2853707135334,110.44714740098404
2026-03-05,0.22157901759931445,-0.252320028776766,5709867.0,5583.89990234375,22748.990234375,179.00500606436373,110.16390350885904
2026-03-06,0.23278969248605885,-0.23437459136630234,5795329.0,5584.8701171875,22387.6796875,179.03610857641203,108.41422671825912
2026-03-09,0.23278969248605885,-0.2953377080115845,5795329.0,5251.8701171875,22695.94921875,168.36101266460793,109.90704791803395
2026-03-10,0.23278969248605885,-0.30731757032880935,5795329.0,5532.58984375,22697.099609375,177.3601418099236,109.91261878164174
2026-03-11,0.23278969248605885,-0.30923721140018423,5795329.0,5609.9501953125,22716.130859375,179.8401092955109,110.00477921456876
2026-03-12,0.23278969248605885,-0.28321092083757066,5795329.0,5583.25,22311.98046875,178.9841719206615,108.04764686815793
2026-03-13,0.264122597589623,-0.27184901317728444,5807731.0,5487.240234375,22105.359375,175.90635373292366,107.04706679843792
2026-03-16,0.264122597589623,-0.23231730834390402,5807731.0,5549.85009765625,22374.1796875,177.91345972557315,108.34885182987736
2026-03-17,0.264122597589623,-0.17295618440081661,5807731.0,5640.47998046875,22479.529296875,180.8188131534981,108.85901619683666
2026-03-18,0.264122597589623,-0.20875230989836954,5807731.0,5925.02978515625,22152.419921875,189.9407244349521,107.27496146504063
2026-03-19,0.264122597589623,-0.27471216381924707,5807731.0,5763.22021484375,22090.689453125,184.753539202118,106.97602646472332
2026-03-20,0.15717531078260055,-0.22928081228228878,5802065.0,5781.2001953125,21647.609375,185.3299296405453,104.83037382386442
2026-03-23,0.15717531078260055,-0.35076940695264824,5802065.0,5405.75,21946.759765625,173.29399316887404,106.27903481619508
2026-03-24,0.15717531078260055,-0.360622878518795,5802065.0,5553.919921875,21761.890625,178.04392748497057,105.38379041370708
2026-03-25,0.15717531078260055,-0.34543851347330784,5802065.0,5642.2099609375,21929.8203125,180.8742717343673,106.1970040860251
2026-03-26,0.15717531078260055,-0.22867344168135062,5802065.0,5460.4599609375,21408.080078125,175.04784926598776,103.67043300554144
2026-03-27,0.29964177901242495,-0.20761872358109842,5782092.0,5438.8701171875,20948.359375,174.3557361946601,101.44419673490644
2026-03-30,0.29964177901242495,-0.1942489700787051,5782092.0,5277.2998046875,20794.640625,169.17622093208453,100.6998007257634
2026-03-31,0.29964177901242495,-0.26884076005419977,5782092.0,5052.4599609375,21590.630859375,161.9684524731467,104.55445055726132
2026-04-01,0.29964177901242495,-0.18383133668695076,5782092.0,5478.7001953125,21840.94921875,175.6325827536962,105.76663832052368
2026-04-02,0.29964177901242495,-0.18741663846155854,5782092.0,5234.0498046875,21879.1796875,167.78974075735323,105.9517725892135
2026-04-03,0.05543801111565505,-0.203438554819834,5827299.0,5377.2998046875,,172.38195544013382,
2026-04-06,0.05543801111565505,-0.2015352495312966,5827299.0,5450.330078125,21996.33984375,174.7231121170425,106.51913052533432
2026-04-07,0.05543801111565505,-0.21867011062004782,5827299.0,5494.77978515625,22017.849609375,176.14805171407008,106.6232933791752
2026-04-08,0.05543801111565505,-0.10444296552599355,5827299.0,5872.33984375,22634.990234375,188.25162480102105,109.61184889585766
2026-04-09,0.05543801111565505,-0.09044585821862931,5827299.0,5778.009765625,22822.419921875,185.22765293509804,110.51949296250488
2026-04-10,0.40968914629595643,-0.09343564923176226,5944988.0,5858.8701171875,22902.890625,187.81982112846703,110.9091791280454
2026-04-13,0.40968914629595643,-0.09758974155799194,5944988.0,5808.6201171875,23183.740234375,186.2089395381723,112.26921704396734
2026-04-14,0.40968914629595643,-0.06801341545566923,5944988.0,5967.75,23639.080078125,191.310221104111,114.47423863366484
2026-04-15,0.40968914629595643,0.02102909933249383,5944988.0,6091.39013671875,24016.01953125,195.2737956327033,116.29959972068124
2026-04-16,0.40968914629595643,0.05293790795052142,5944988.0,6226.0498046875,24102.69921875,199.59062707720207,116.71935341662768
2026-04-17,0.4571696342205861,0.04284025594270397,5954205.0,6191.919921875,24468.48046875,198.49651364632496,118.49067996410056
2026-04-20,0.4571696342205861,0.09682317629949831,5954205.0,6219.08984375,24404.390625,199.3675092076819,118.18031949139244
2026-04-21,0.4571696342205861,0.09382968517958507,5954205.0,6388.47021484375,24259.9609375,204.79739421369612,117.48090655070192
2026-04-22,0.4571696342205861,0.09439414818615473,5954205.0,6417.93017578125,24657.5703125,205.74180234752745,119.40636347738037
2026-04-23,0.4571696342205861,0.07832500166562799,5954205.0,6475.81005859375,24438.5,207.59727772406623,118.34549701608846
2026-04-24,0.575402362276322,0.05281010843216724,5701369.0,6475.6298828125,24836.599609375,207.59150176687157,120.27332794406664
2026-04-27,0.575402362276322,0.04659875098175986,5701369.0,6615.02978515625,24887.099609375,212.06029254049216,120.5178784524576
2026-04-28,0.575402362276322,0.04618391930619344,5701369.0,6641.02001953125,24663.80078125,212.8934704525744,119.43653504768386
2026-04-29,0.575402362276322,0.11614952721875914,5701369.0,6690.89990234375,24673.240234375,214.49248706846927,119.48224639541952
2026-04-30,0.575402362276322,0.09363262423724973,5701369.0,6598.8701171875,24892.310546875,211.54225648803177,120.54311285671142
2026-05-01,0.5591514215136008,0.09752351227346895,5717414.0,,25114.439453125,,121.61879081615233
2026-05-04,0.5591514215136008,0.16979892663569016,5717414.0,6936.990234375,25067.80078125,222.3814897633681,121.39293911481153
2026-05-05,0.5591514215136008,0.20347428642849433,5717414.0,,25326.130859375,,122.6439243017055
2026-05-06,0.5591514215136008,0.2015262230014471,5717414.0,7384.56005859375,25838.939453125,236.72939006596408,125.1272431593058
2026-05-07,0.5591514215136008,0.09358881175926861,5717414.0,7490.0498046875,25806.19921875,240.111111258945,124.96869581353856
2026-05-08,0.5448519683345581,0.0549583445407418,5830957.0,7498.0,26247.080078125,240.36597341353516,127.1036985521524
2026-05-11,0.5448519683345581,-0.051080158360504876,5830957.0,7822.240234375,26274.130859375,250.7602544958744,127.23469424140112
2026-05-12,0.5448519683345581,0.27960307454699407,5830957.0,7643.14990234375,26088.19921875,245.01909392136852,126.33430459306828
2026-05-13,0.5448519683345581,0.27637405647488217,5830957.0,7844.009765625,26402.33984375,251.4581278713962,127.855557059405
2026-05-14,0.5448519683345581,0.26791766643549775,5830957.0,7981.41015625,26635.220703125,255.86281960785632,128.98330225850756
2026-05-15,0.6956589718620905,0.4411534675361669,5889271.0,7493.18017578125,26225.140625,240.21146264532732,126.99745490035956
2026-05-18,0.6956589718620905,0.4409831297646433,5889271.0,7516.0400390625,26090.73046875,240.9442891710273,126.34656238463988
2026-05-19,0.6956589718620905,0.48492260274213517,5889271.0,7271.66015625,25870.7109375,233.11011893697656,125.2810992515086
2026-05-20,0.6956589718620905,0.30697862235752127,5889271.0,7208.9501953125,26270.359375,231.09980407921887,127.21643051028636
2026-05-21,0.6956589718620905,0.22714860280299784,5889271.0,7815.58984375,26293.099609375,250.54706062868868,127.32655201280788
2026-05-22,0.4274837532934372,0.22871017979210304,5931385.0,7847.7099609375,26343.970703125,251.57674630939425,127.57289957397552
2026-05-25,0.4274837532934372,0.2543217720293923,5931385.0,,,,
2026-05-26,0.4274837532934372,0.2194524193856424,5931385.0,8047.509765625,26656.1796875,257.98179759527653,129.0847979077009
2026-05-27,0.4274837532934372,0.1924544467011819,5931385.0,8228.7001953125,26674.73046875,263.79028172505144,129.17463163019076
2026-05-28,0.4274837532934372,0.17501463661233507,5931385.0,8185.2900390625,26917.470703125,262.3986673661471,130.35012168411842
2026-05-29,0.6282765878229972,0.20455896792964068,5862410.0,8476.150390625,26972.619140625,271.7228780264196,130.61718264308064
2026-06-01,0.6282765878229972,0.20753881011792416,5862410.0,8788.3798828125,27086.810546875,281.7321266017813,131.17016415698788
2026-06-02,0.6282765878229972,0.24262421354704602,5862410.0,8801.490234375,27093.900390625,282.15240966594695,131.2044973231953
2026-06-03,0.6282765878229972,0.26569673357219126,5862410.0,,26853.98046875,,130.04266487037054
2026-06-04,0.6282765878229972,0.278005650379011,5862410.0,8639.41015625,26830.9609375,276.9565526708206,129.93119084918027
2026-06-05,0.7708560904588998,0.5110829655294198,5835021.0,8160.58984375,25709.4296875,261.6068446814587,124.50008119841098
2026-06-08,0.7708560904588998,0.35923598219279473,5835021.0,7484.41015625,25929.66015625,239.9303191028514,125.5665658141732
2026-06-09,0.7708560904588998,0.2533639663552991,5835021.0,8096.93017578125,25678.8203125,259.5660847376749,124.351852718851
2026-06-10,0.7708560904588998,0.31287881883681207,5835021.0,7730.81982421875,25169.5,247.8295588600953,121.88542615735165
2026-06-11,0.7708560904588998,0.30729833602254797,5835021.0,7763.9501953125,25809.66015625,248.8916305988924,124.9854556952244
2026-06-12,0.8785574183992262,0.3098667023675056,5896821.0,8123.6201171875,25888.83984375,260.4216933995132,125.36889000873651
2026-06-15,0.8785574183992262,0.3694881817306241,5896821.0,8545.98046875,26683.939453125,273.9614449378705,129.21922691357037
2026-06-16,0.8785574183992262,0.35087389556961857,5896821.0,8726.599609375,26376.33984375,279.7516150570282,127.72964986696608
2026-06-17,0.8785574183992262,0.33646129511486683,5896821.0,8864.240234375,26021.66015625,284.16400806974787,126.01208357203396
2026-06-18,0.8785574183992262,0.34422440234129625,5896821.0,9063.83984375,26517.9296875,290.56264162541385,128.41531062482863
2026-06-19,0.8668257473424424,0.36012463479202805,5855460.0,9052.419921875,,290.1965492490747,
2026-06-22,0.8668257473424424,0.3643674333569749,5855460.0,9114.5498046875,26166.599609375,292.1882683422056,126.71396509574932
2026-06-23,0.8668257473424424,0.43589535331094054,5855460.0,8203.83984375,25587.0390625,262.99332485619004,123.90739427631124
2026-06-24,0.8668257473424424,0.4169960467449281,5855460.0,8471.01953125,25476.640625,271.55839629687574,123.37278053341632
2026-06-25,0.8668257473424424,0.39374632554452627,5855460.0,8930.2998046875,25358.599609375,286.2817025111248,122.801156961494
2026-06-26,0.9241895033301939,0.35156981648765906,5810523.0,8411.2099609375,25297.619140625,269.6410602622519,122.50585389942007
2026-06-29,0.9241895033301939,0.3295738293526579,5810523.0,8394.650390625,25820.140625,269.11020440235944,125.03620824890731
2026-06-30,0.9241895033301939,0.313865253059681,5810523.0,8476.48046875,26213.720703125,271.73345945477627,126.94215296569983
2026-07-01,0.9241895033301939,0.34089003697431774,5810523.0,8303.41015625,26040.029296875,266.18528472377506,126.10103768448046
2026-07-02,0.9241895033301939,0.37198504201564025,5810523.0,7648.08984375,25832.669921875,245.17745532770613,125.09688242555212
2026-07-03,0.7048109443401751,0.37165612066565634,5842152.0,8088.33984375,,259.2907014993931,
2026-07-06,0.7048109443401751,0.37165612066565634,5842152.0,8051.330078125,26121.16015625,258.10426667140433,126.493920712329
2026-07-07,0.7048109443401751,0.389141202600624,5842152.0,7656.31005859375,25818.689453125,245.44097359158803,125.02918082673318
2026-07-08,0.7048109443401751,0.37377199387037147,5842152.0,7246.7900390625,25870.650390625,232.31284900810456,125.28080604816084
2026-07-09,0.7048109443401751,0.37897784986335326,5842152.0,7291.91015625,26206.890625,233.7592801748565,126.90907773643612
2026-07-10,0.5192420812989885,0.3812764905829451,5961002.0,7475.93994140625,26281.609375,239.65878650269937,127.27090958393784
2026-07-13,0.5192420812989885,0.4101196341645305,5961002.0,6806.93017578125,25873.1796875,218.21210958383915,125.29305438155988
2026-07-14,0.5192420812989885,0.41476300380651265,5961002.0,6856.830078125,26107.009765625,219.81176797275563,126.4253962525018
2026-07-15,0.5192420812989885,0.4208287870232516,5961002.0,7284.41015625,26269.23046875,233.51885008675285,127.2109636865762
2026-07-16,0.5192420812989885,0.4409482866593072,5961002.0,6820.60009765625,25881.94921875,218.65033098660945,125.335521576125
2026-07-17,0.5836887001789433,0.4134301647903626,5986710.0,,25520.240234375,,123.58391531833324
2026-07-20,0.5836887001789433,0.4724680705624999,5986710.0,6516.27001953125,25508.0703125,208.8943166537829,123.52498144543009
2026-07-21,0.5836887001789433,0.581088940811411,5986710.0,6747.9501953125,25837.2109375,216.3213679971117,125.1188726766354
2026-07-22,0.5836887001789433,0.5542051309207193,5986710.0,6797.7001953125,25690.900390625,217.91622091486624,124.41035151581876
