date,KOSPI,KOSPI_rebased,NASDAQ,NASDAQ_rebased,fed_net_liquidity,sofr_iorb_spread,DXY,DXY_rebased,EEM,EEM_rebased,DTWEXBGS,foreign_netbuy,foreign_netbuy_cumsum,VIX,VKOSPI,VKOSPI_rebased,is_kr_trading_day,is_us_trading_day,is_kr_flat,is_us_flat,WALCL,RRPONTSYD,WTREGEN,SOFR,IORB,DGS10,BAMLH0A0HYM2,KS11_Close,KS11_Volume,KQ11_Close,KQ11_Volume,IXIC_Close,IXIC_Volume,GSPC_Close,GSPC_Volume,VIX_Close,VIX_Volume,DXY_Close,DXY_Volume,EEM_Close,EEM_Volume,000660_KS_Close,000660_KS_Volume,7709_HK_Close,7709_HK_Volume,LS_KOSPI_Close,LS_KOSPI_Volume,LS_KOSDAQ_Close,LS_KOSDAQ_Volume,VKOSPI_Open,VKOSPI_High,VKOSPI_Low,foreign_netbuy_qty,inst_netbuy,kospi_jisu,KS11_Close_rebased,KQ11_Close_rebased,IXIC_Close_rebased,GSPC_Close_rebased,VIX_Close_rebased,DXY_Close_rebased,EEM_Close_rebased,000660_KS_Close_rebased,7709_HK_Close_rebased,LS_KOSPI_Close_rebased,LS_KOSDAQ_Close_rebased,VIX_rebased
2025-08-01,3119.409912109375,100.0,20650.130859375,100.0,,-0.0600000000000005,98.69000244140624,100.0,47.27423858642578,100.0,121.2122,-6524.0,-6524.0,20.3799991607666,25.87,100.0,True,True,False,False,,97.426,,4.34,4.4,4.23,3.13,3119.409912109375,507800.0,772.7899780273438,835000.0,20650.130859375,9667420000.0,6238.009765625,5827150000.0,20.3799991607666,0.0,98.69000244140624,0.0,47.27423858642578,27234300.0,256870.671875,3227394.0,,,3119.41,507776.0,772.79,835015.0,23.07,26.21,22.94,-12057.0,-10720.0,3119.41,100.0,100.0,100.0,100.0,100.0,100.0,100.0,100.0,,100.0,100.0,100.0
2025-08-08,3210.010009765625,102.90439859489275,21450.01953125,103.87352834382575,6139497.0,-0.05000000000000071,98.18000030517578,99.48322816535216,48.490421295166016,102.57261194491124,120.3329,-1576.0,-1718.0,15.149999618530272,20.79,80.36335523772709,True,True,False,False,6640843.0,80.303,421043.0,4.35,4.4,4.27,2.94,3210.010009765625,341400.0,809.27001953125,848000.0,21450.01953125,8669200000.0,6389.4501953125,4769910000.0,15.149999618530272,0.0,98.18000030517578,0.0,48.490421295166016,16926700.0,255377.25,2676174.0,,,3210.01,341443.0,809.27,848043.0,21.12,21.22,20.49,5462.0,-1318.0,3210.01,102.90439859489275,104.72056348311176,103.87352834382575,102.42770427391798,74.33758705788091,99.48322816535216,102.57261194491124,99.41860942547511,,102.90439538246017,104.72055797823472,74.33758705788091
2025-08-15,3225.659912109375,103.40609291480236,21622.98046875,104.71110626852678,6105554.0,-0.040000000000000036,97.8499984741211,99.14884593524673,48.98081970214844,103.60996002633172,120.3377,-779.0,5417.0,15.09000015258789,20.46,79.08774642442984,False,True,False,False,6643615.0,33.757,504304.0,4.36,4.4,4.33,2.88,3225.659912109375,441500.0,815.260009765625,912600.0,21622.98046875,8158830000.0,6449.7998046875,4575060000.0,15.09000015258789,0.0,97.8499984741211,0.0,48.98081970214844,24042600.0,275289.71875,2101050.0,,,3225.66,441468.0,815.26,912584.0,19.98,20.56,19.98,4609.0,197.0,3225.66,103.40609291480236,105.49567579107224,104.71110626852678,103.39515401578214,74.04318338558889,99.14884593524673,103.60996002633172,107.17055269118585,,103.40609281883432,105.4956715278407,74.04318338558889
2025-08-22,3168.72998046875,101.58107045079,21496.5390625,104.09880309664352,6062606.0,-0.040000000000000036,97.72000122070312,99.017123116114,49.65756607055664,105.04149311632742,120.2774,1826.0,-4519.0,14.220000267028809,21.09,81.52299961345187,True,True,False,False,6618415.0,36.275,519534.0,4.36,4.4,4.26,2.88,3168.72998046875,236800.0,782.510009765625,833000.0,21496.5390625,9401300000.0,6466.91015625,5046860000.0,14.220000267028809,0.0,97.72000122070312,0.0,49.65756607055664,31264200.0,249901.296875,3064062.0,,,3168.73,236797.0,782.51,833027.0,21.45,21.63,21.02,724.0,1556.0,3168.73,101.58107045079,101.25778439351569,104.09880309664352,103.6694458525277,69.77429270165837,99.017123116114,105.04149311632742,97.28681559902196,,101.5810682148227,101.25778025077965,69.77429270165837
2025-08-29,3186.010009765625,102.13502231296093,21455.55078125,103.90031388837104,5935488.0,-0.0600000000000005,97.7699966430664,99.06778217085763,48.90235900878906,103.44399078873958,120.2082,-3724.0,-16119.0,15.359999656677246,19.52,75.45419404715886,True,True,False,False,6603384.0,77.898,589998.0,4.34,4.4,4.23,2.82,3186.010009765625,245100.0,796.9099731445312,855300.0,21455.55078125,7715430000.0,6460.259765625,4234840000.0,15.359999656677246,0.0,97.7699966430664,0.0,48.90235900878906,24867400.0,268209.34375,1892127.0,,,3186.01,245132.0,796.91,855306.0,19.29,19.52,19.13,-13955.0,648.0,3186.01,102.13502231296093,103.12115785698428,103.90031388837104,103.5628350764169,75.36800926982704,99.06778217085763,103.44399078873958,104.41415588328344,,102.13501912220582,103.12115840008282,75.36800926982704
2025-09-05,3205.1201171875,102.74764162110925,21700.390625,105.08597147774582,5983561.0,0.019999999999999574,97.7699966430664,99.06778217085763,49.48102569580078,104.66805426245121,120.1282,-1374.0,-9819.0,15.18000030517578,18.43,71.24081948202551,True,True,False,False,6602071.0,20.997,597513.0,4.42,4.4,4.1,2.83,3205.1201171875,323800.0,811.4000244140625,1013600.0,21700.390625,8413730000.0,6481.5,5066120000.0,15.18000030517578,0.0,97.7699966430664,0.0,49.48102569580078,24805800.0,272696.125,3103427.0,,,3205.12,323845.0,811.4,1013622.0,18.7,18.8,18.41,-5133.0,1124.0,3205.12,102.74764162110925,104.99618880737512,105.08597147774582,103.90333204857694,74.48479357348893,99.06778217085763,104.66805426245121,106.16086414594699,,102.74763496943334,104.99618266281914,74.48479357348893
2025-09-12,3395.5400390625,108.85199876685662,22141.099609375,107.22014189717888,5916357.0,0.019999999999999574,97.5500030517578,98.84486841478673,51.25625991821289,108.42323737167602,120.0611,14355.0,30462.0,14.760000228881836,20.61,79.66756861229223,True,True,False,False,6605962.0,17.331,672274.0,4.42,4.4,4.06,2.79,3395.5400390625,448900.0,847.0800170898438,954400.0,22141.099609375,9023140000.0,6584.2900390625,4641640000.0,14.760000228881836,0.0,97.5500030517578,0.0,51.25625991821289,17773100.0,327534.5,4242516.0,,,3395.54,448857.0,847.08,954438.0,20.98,21.05,20.43,18074.0,6119.0,3395.54,108.85199876685662,109.61322496082776,107.22014189717888,105.55113387839985,72.4239491495967,98.84486841478673,108.42323737167602,127.50949635830237,,108.851994447668,109.61321963275923,72.4239491495967
2025-09-19,3445.239990234375,110.44524725205707,22631.48046875,109.59485255985912,5840858.0,-0.010000000000000675,97.63999938964844,98.93605935172491,51.99185180664063,109.97924738986586,119.7858,-3080.0,50480.0,15.449999809265137,20.68,79.93815229996135,True,True,False,False,6608597.0,11.363,756376.0,4.14,4.15,4.14,2.72,3445.239990234375,348800.0,863.1099853515625,951400.0,22631.48046875,14632360000.0,6664.35986328125,9125960000.0,15.449999809265137,0.0,97.63999938964844,0.0,51.99185180664063,37385100.0,354455.15625,4526286.0,,,3445.24,348845.0,863.11,951398.0,20.95,21.25,20.67,-8574.0,-3357.0,3445.24,110.44524725205707,111.68752311653594,109.59485255985912,106.83471353324394,75.8096194577271,98.93605935172491,109.97924738986586,137.98973376862858,,110.44524445327801,111.6875218364627,75.8096194577271
2025-09-26,3386.050048828125,108.54777487510275,22484.0703125,108.88100644791993,5755466.0,0.009999999999999787,98.1500015258789,99.45283118637278,51.69761657714844,109.35684661030749,120.4349,-5707.0,53550.0,15.289999961853027,21.77,84.1515268650947,True,True,False,False,6608395.0,48.073,804856.0,4.16,4.15,4.2,2.75,3386.050048828125,399200.0,835.1900024414062,749200.0,22484.0703125,8488400000.0,6643.7001953125,5103110000.0,15.289999961853027,0.0,98.1500015258789,0.0,51.69761657714844,22608400.0,335511.0,3685324.0,,,3386.05,399150.0,835.19,749242.0,20.82,22.67,20.7,-6101.0,-4892.0,3386.05,108.54777487510275,108.07464203577632,108.88100644791993,106.50352347832295,75.024536758999,99.45283118637278,109.35684661030749,130.61475549192647,,108.54777025142577,108.07463864698043,75.024536758999
2025-10-03,3549.2099609375,113.77824848089585,22780.509765625,110.31653949680819,5756588.0,0.02999999999999936,97.72000122070312,99.017123116114,53.18842315673828,112.51037509467298,120.0881,31265.0,97972.0,16.649999618530273,22.34,86.35485117897178,False,True,False,False,6587119.0,25.392,805139.0,4.18,4.15,4.13,2.8,3549.2099609375,402100.0,854.25,820900.0,22780.509765625,10515730000.0,6715.7900390625,5713110000.0,16.649999618530273,0.0,97.72000122070312,0.0,53.18842315673828,21836000.0,394337.5625,7430763.0,,,3549.21,402107.0,854.25,820880.0,21.35,22.66,20.96,44749.0,-675.0,3549.21,113.77824848089585,110.54102981260117,110.31653949680819,107.65917802935067,81.69774437764981,99.017123116114,112.51037509467298,153.5159929397837,,113.77824652738819,110.54102666959977,81.69774437764981
2025-10-10,3610.60009765625,115.74625327822747,22204.4296875,107.52682314078102,5779263.0,0.0,98.9800033569336,100.29385034791092,50.9424057006836,107.75933621342575,121.1163,10592.0,108564.0,21.65999984741211,23.9,92.38500193274062,True,True,False,False,6590815.0,4.124,807428.0,4.15,4.15,4.05,3.18,3610.60009765625,407400.0,859.489990234375,773600.0,22204.4296875,11635030000.0,6552.509765625,6596610000.0,21.65999984741211,0.0,98.9800033569336,0.0,50.9424057006836,67908200.0,426742.03125,6835852.0,,,3610.6,407411.0,859.49,773577.0,22.99,24.47,22.88,15125.0,-5936.0,3610.6,115.74625327822747,111.21909117252599,107.52682314078102,105.04167213288243,106.28067094874876,100.29385034791092,107.75933621342575,166.13108383882138,,115.74624688643044,111.21908927392954,106.28067094874876
2025-10-17,3748.889892578125,120.1794569551486,22679.970703125,109.82967060873838,5782759.0,0.02999999999999936,98.43000030517578,99.7365466310685,53.13938522338867,112.40664432117791,120.7028,4438.0,118527.0,20.780000686645508,34.58,133.6683417085427,True,True,False,False,6596454.0,4.102,809593.0,4.18,4.15,4.02,3.04,3748.889892578125,420800.0,859.5399780273438,859500.0,22679.970703125,9552150000.0,6664.009765625,5358120000.0,20.780000686645508,0.0,98.43000030517578,0.0,53.13938522338867,24373600.0,464131.8125,4541583.0,,,3748.89,420770.0,859.54,859532.0,32.72,34.62,32.09,1251.0,-1688.0,3748.89,120.1794569551486,111.22555965612308,109.82967060873838,106.82910120384075,101.96271610574424,99.7365466310685,112.40664432117791,180.68696169637408,,120.17945701270432,111.22555933694794,101.96271610574424
2025-10-24,3941.590087890625,126.35691361335977,23204.869140625,112.37153555416899,5679097.0,0.08999999999999986,98.9499969482422,100.26344563826545,54.04171371459961,114.31535510783885,120.9345,5756.0,110555.0,16.3700008392334,31.29,120.9509083880943,True,True,False,False,6589533.0,2.435,908001.0,4.24,4.15,4.02,2.88,3941.590087890625,426900.0,883.0800170898438,961800.0,23204.869140625,10308620000.0,6791.68994140625,5058220000.0,16.3700008392334,0.0,98.9499969482422,0.0,54.04171371459961,19506300.0,508501.03125,4254202.0,,,3941.59,426897.0,883.08,961807.0,30.77,31.31,30.53,8784.0,14054.0,3941.59,126.35691361335977,114.2716704665388,112.37153555416899,108.875910692419,80.32385433433764,100.26344563826545,114.31535510783885,197.95994129584787,,126.35690723566317,114.27166500601717,80.32385433433764
2025-10-31,4107.5,131.67554491812425,23724.9609375,114.89012393705511,5577242.0,0.31999999999999984,99.8000030517578,101.12473460623389,54.23787307739258,114.73029434040704,121.3859,13212.0,111620.0,17.440000534057617,30.4,117.51063007344413,True,True,False,False,6587034.0,51.802,957990.0,4.22,3.9,4.11,2.94,4107.5,408300.0,900.4199829101562,895000.0,23724.9609375,10909250000.0,6840.2001953125,6398280000.0,17.440000534057617,0.0,99.8000030517578,0.0,54.23787307739258,29316400.0,557357.0,3351809.0,,,4107.5,408275.0,900.42,895006.0,31.96,31.97,30.38,11618.0,-11064.0,4107.5,131.67554491812425,116.51548396222817,114.89012393705511,109.65356663924948,85.57409839167826,101.12473460623389,114.73029434040704,216.9796169923301,,131.6755412081131,116.51548286080306,85.57409839167826
2025-11-07,3953.760009765625,126.74704899850929,23004.5390625,111.40142025810029,5626850.0,0.03000000000000025,99.5999984741211,100.92207519526117,53.50227737426758,113.1742762529233,121.388,-4550.0,39194.0,19.07999992370605,41.88,161.88635485117896,True,True,False,False,6572732.0,4.903,940979.0,3.93,3.9,4.11,3.15,3953.760009765625,377100.0,876.8099975585938,1041100.0,23004.5390625,10141910000.0,6728.7998046875,5926070000.0,19.07999992370605,0.0,99.5999984741211,0.0,53.50227737426758,32432300.0,578295.375,4789397.0,,,3953.76,377050.0,876.81,1041128.0,43.93,44.65,41.88,-8114.0,-2446.0,3953.76,126.74704899850929,113.46032201359235,111.40142025810029,107.86773438167785,93.62120073310322,100.92207519526117,113.1742762529233,225.13094654940352,,126.74704511430048,113.46031910350807,93.62120073310322
2025-11-14,4011.570068359375,128.60028599597263,22900.58984375,110.89803740082988,5625087.0,0.050000000000000266,99.2699966430664,100.58769296515572,53.90440368652344,114.02490087275869,120.9666,-23575.0,20603.0,19.82999992370605,36.66,141.70854271356782,True,True,False,False,6580462.0,1.559,953816.0,3.95,3.9,4.14,3.07,4011.570068359375,400000.0,897.9000244140625,831800.0,22900.58984375,10841540000.0,6734.10986328125,5042660000.0,19.82999992370605,0.0,99.2699966430664,0.0,53.90440368652344,27660000.0,558354.125,5778374.0,12.899999618530272,43080196.0,4011.57,399992.0,897.9,831830.0,35.97,36.93,34.46,-23754.0,-9005.0,4011.57,128.60028599597263,116.18939814748632,110.89803740082988,107.95285862471786,97.30127939298767,100.58769296515572,114.02490087275869,217.36779871534333,82.27040412921508,128.6002801811881,116.18939168467502,97.30127939298767
2025-11-21,3853.260009765625,123.52528581791975,22273.080078125,107.85926844629749,5610854.0,0.03000000000000025,100.18000030517578,101.50977589108297,52.08012390136719,110.16597085145092,121.8653,-28229.0,-11026.0,23.43000030517578,41.38,159.953614224971,True,True,False,False,6555283.0,2.503,941926.0,3.93,3.9,4.06,3.19,3853.260009765625,319300.0,863.9500122070312,752200.0,22273.080078125,9931240000.0,6602.990234375,5929930000.0,23.43000030517578,0.0,100.18000030517578,0.0,52.08012390136719,40328800.0,519468.71875,6646712.0,10.56999969482422,54892277.0,3853.26,319324.0,863.95,752170.0,40.7,41.58,39.79,-22457.0,4935.0,3853.26,123.52528581791975,111.79622365346746,107.85926844629749,105.8509121091995,114.96565883221778,101.50977589108297,110.16597085145092,202.229672604581,67.41071102744297,123.5252820244854,111.79621889517205,114.96565883221778
2025-11-28,3926.590087890625,125.87605343715238,23365.689453125,113.15032147855449,5641464.0,0.2200000000000002,99.45999908447266,100.78021747291331,53.27669143676758,112.69709048696414,121.0527,-20369.0,-32635.0,16.350000381469727,30.24,116.89215307305759,True,True,False,False,6552419.0,7.561,903394.0,4.12,3.9,4.02,2.95,3926.590087890625,241900.0,912.6699829101562,802800.0,23365.689453125,4541070000.0,6849.08984375,2558540000.0,16.350000381469727,0.0,99.45999908447266,0.0,53.27669143676758,15057500.0,528820.6875,2680138.0,11.3100004196167,12903200.0,3926.59,241923.0,912.67,802794.0,30.5,30.88,30.24,-1445.0,4587.0,3926.59,125.87605343715238,118.10064944681038,113.15032147855449,109.79607440649421,80.22571665726562,100.78021747291331,112.69709048696414,205.87040304754524,72.13010331309371,125.87604707300419,118.10064830031443,80.22571665726562
2025-12-05,4100.0498046875,131.43671143607435,23578.130859375,114.17908690235107,5597129.0,0.03000000000000025,98.98999786376952,100.30397752045998,53.68862915039063,113.5684693307925,120.6863,9934.0,-12463.0,15.40999984741211,26.95,104.17471975260919,True,True,False,False,6535781.0,1.485,937167.0,3.93,3.9,4.14,2.85,4100.0498046875,478500.0,924.739990234375,699800.0,23578.130859375,8248280000.0,6870.39990234375,4944560000.0,15.40999984741211,0.0,98.98999786376952,0.0,53.68862915039063,20114400.0,542789.5625,3204933.0,11.5,11316500.0,4100.05,478513.0,924.74,699774.0,28.42,28.42,26.64,16578.0,11528.0,4100.05,131.43671143607435,119.66252365162721,114.17908690235107,110.13769071352823,75.61334878304507,100.30397752045998,113.5684693307925,211.30849954102024,73.34183530726072,131.43671399399247,119.66252151295956,75.61334878304507
2025-12-12,4167.16015625,133.58809113458662,23195.169921875,112.32456626948964,5679519.0,0.020000000000000018,98.4000015258789,99.70614965208911,53.19823455810547,112.53112931866593,120.1442,414.0,-2332.0,15.739999771118164,25.05,96.83030537301894,True,True,False,False,6539303.0,0.838,858946.0,3.67,3.65,4.19,2.91,4167.16015625,426600.0,937.3400268554688,1012000.0,23195.169921875,8724070000.0,6827.41015625,4910160000.0,15.739999771118164,0.0,98.4000015258789,0.0,53.19823455810547,30590000.0,569729.5,2646148.0,12.850000381469728,13237600.0,4167.16,426616.0,937.34,1012037.0,26.79,26.93,25.04,12976.0,14184.0,4167.16,133.58809113458662,121.2929843174419,112.32456626948964,109.44853266939293,77.23258301903726,99.70614965208911,112.53112931866593,221.79624316054475,81.95153145008612,133.58808236172865,121.29297739359983,77.23258301903726
2025-12-19,4020.550048828125,128.88816032867544,23307.619140625,112.86911109351891,5720721.0,0.010000000000000231,98.5999984741211,99.90880133239577,53.44222259521485,113.0472413585528,120.1652,-7573.0,-33560.0,14.90999984741211,27.27,105.4116737533823,True,True,False,False,6556861.0,3.047,833093.0,3.66,3.65,4.16,2.9,4020.550048828125,442700.0,915.27001953125,973700.0,23307.619140625,12874560000.0,6834.5,8554470000.0,14.90999984741211,0.0,98.5999984741211,0.0,53.44222259521485,28831700.0,545782.9375,3440005.0,11.81999969482422,18110877.0,4020.55,442664.0,915.27,973703.0,27.47,27.89,27.22,5771.0,8541.0,4020.55,128.88816032867544,118.43709747214979,112.86911109351891,109.56218821044497,73.15996300978878,99.90880133239577,113.0472413585528,212.47382331198645,75.3826496477974,128.88815513189996,118.43709157727196,73.15996300978878
2025-12-26,4129.68017578125,132.38658246708977,23593.099609375,114.25157433645954,5723772.0,0.10999999999999988,98.0199966430664,99.32110063657397,54.51663589477539,115.31996606377743,119.4723,17790.0,10023.0,13.600000381469728,26.2,101.27560881329725,True,True,False,False,6581231.0,20.339,837120.0,3.76,3.65,4.14,2.86,4129.68017578125,510200.0,919.6699829101562,829400.0,23593.099609375,5170300000.0,6929.93994140625,2586550000.0,13.600000381469728,0.0,98.0199966430664,0.0,54.51663589477539,11352000.0,597667.25,4243548.0,13.470000267028809,0.0,4129.68,510162.0,919.67,829359.0,26.4,26.57,26.2,-166.0,4435.0,4129.68,132.38658246708977,119.00645829514309,114.25157433645954,111.0921624328673,66.73209490435602,99.32110063657397,115.31996606377743,232.6724361474947,85.90561227592912,132.3865731019648,119.00645712289237,66.73209490435602
2026-01-02,4309.6298828125,138.15529232252413,23235.630859375,112.52050177118467,5797645.0,0.10000000000000009,98.41999816894533,99.72641172785337,55.94919204711914,118.35027642980222,119.6059,6309.0,14901.0,14.510000228881836,30.6,118.28372632392734,True,True,False,False,6640618.0,5.667,837306.0,3.75,3.65,4.19,2.83,4309.6298828125,406300.0,945.5700073242188,884000.0,23235.630859375,7331460000.0,6858.47021484375,4184120000.0,14.510000228881836,0.0,98.41999816894533,0.0,55.94919204711914,38255900.0,675493.625,4181895.0,17.5,12153800.0,4309.63,406339.0,945.57,884031.0,30.05,30.72,29.56,3194.0,-2477.0,4309.63,138.15529232252413,122.35795419318463,112.52050177118467,109.94644882792332,71.19725626296855,99.72641172785337,118.35027642980222,262.97031890379174,111.60714068496198,138.1552921866635,122.35794976643074,71.19725626296855
2026-01-09,4586.31982421875,147.02523725448563,23671.349609375,114.63050655985742,5774174.0,-0.009999999999999787,99.12999725341795,100.44583524280786,56.84453582763672,120.24421233927379,120.2215,-16068.0,25944.0,14.489999771118164,34.16,132.04483958252803,True,True,False,False,6573602.0,3.28,796148.0,3.64,3.65,4.18,2.74,4586.31982421875,399200.0,947.9199829101562,924600.0,23671.349609375,8124420000.0,6966.27978515625,5163900000.0,14.489999771118164,0.0,99.12999725341795,0.0,56.84453582763672,31540700.0,742344.5625,4343703.0,20.940000534057617,20705460.0,4586.32,399220.0,947.92,924589.0,35.26,35.47,33.98,-34.0,12046.0,4586.32,147.02523725448563,122.66204400448576,114.63050655985742,111.67471752840841,71.09911858589653,100.44583524280786,120.24421233927379,288.99545326889023,133.54591917415698,147.02523874707077,122.66204272829617,71.09911858589653
2026-01-16,4840.740234375,155.18128013838503,23515.390625,113.87526202684664,5801303.0,0.0,99.38999938964844,100.70928861173938,57.57075881958008,121.78040417156674,120.0838,4350.0,23679.0,15.859999656677246,31.62,122.22651720139157,True,True,False,False,6581700.0,1.222,779175.0,3.65,3.65,4.24,2.65,4840.740234375,720900.0,954.5900268554688,1222200.0,23515.390625,9514500000.0,6940.009765625,5356550000.0,15.859999656677246,0.0,99.38999938964844,0.0,57.57075881958008,30624000.0,754317.875,3712326.0,21.920000076293945,22152210.0,4840.74,720906.0,954.59,1222180.0,33.45,33.51,31.32,17410.0,3083.0,4840.74,155.18128013838503,123.52515612226176,113.87526202684664,111.25358930773757,77.82139504308334,100.70928861173938,121.78040417156674,293.6566753588245,139.79591613310376,155.18126825265034,123.52514913495258,77.82139504308334
2026-01-23,4990.06982421875,159.9683903307346,23501.240234375,113.80673756701943,5714392.0,0.0,97.5999984741211,98.89552746953036,58.764556884765625,124.30566549968538,118.8976,1438.0,33843.0,16.09000015258789,34.09,131.77425589485892,True,True,False,False,6584580.0,0.927,869261.0,3.65,3.65,4.24,2.68,4990.06982421875,612600.0,993.9299926757812,1452900.0,23501.240234375,8228760000.0,6915.60986328125,4871930000.0,16.09000015258789,0.0,97.5999984741211,0.0,58.764556884765625,31584700.0,765293.375,3508272.0,21.920000076293945,24287250.0,4990.07,612602.0,993.93,1452895.0,36.02,36.22,34.09,19110.0,4790.0,4990.07,159.9683903307346,128.61579742699675,113.80673756701943,110.86244047565002,78.94995493210148,98.89552746953036,124.30566549968538,297.92944808133325,139.79591613310376,159.9683914586412,128.61579471784054,78.94995493210148
2026-01-30,5224.35986328125,167.4791069618833,23461.8203125,113.61584327127163,5654897.0,0.03000000000000025,96.98999786376952,98.27742979472916,58.79439926147461,124.36879158611494,117.8996,-19729.0,10085.0,17.440000534057617,39.58,152.99574797062232,True,True,False,False,6587568.0,9.629,923042.0,3.68,3.65,4.26,2.8,5224.35986328125,862500.0,1149.43994140625,1465200.0,23461.8203125,9255930000.0,6939.02978515625,6697340000.0,17.440000534057617,0.0,96.98999786376952,0.0,58.79439926147461,73861200.0,906977.375,7875195.0,29.600000381469727,48307401.0,5224.36,862541.0,1149.44,1465198.0,38.96,40.05,38.62,-20362.0,-4241.0,5224.36,167.4791069618833,148.73898136468574,113.61584327127163,111.23787948191858,85.57409839167826,98.27742979472916,124.36879158611494,353.08716576307273,188.77550896283543,167.47910662593247,148.73898471771116,85.57409839167826
2026-02-06,5089.14013671875,163.14432152577936,23031.2109375,111.53058106188227,5694025.0,-0.009999999999999787,97.62999725341795,98.92592444850973,59.75938415527344,126.41004052560798,118.2407,-33233.0,-100799.0,20.3700008392334,51.48,198.99497487437182,True,True,False,False,6605909.0,3.111,908773.0,3.64,3.65,4.22,2.87,5089.14013671875,745800.0,1080.77001953125,1476100.0,23031.2109375,9054400000.0,6932.2998046875,6283680000.0,20.3700008392334,0.0,97.62999725341795,0.0,59.75938415527344,37534800.0,837133.1875,5581574.0,25.040000915527344,45838463.0,5089.14,745764.0,1080.77,1476136.0,52.65,54.24,51.48,-25499.0,9414.0,5089.14,163.14432152577936,139.85300667201574,111.53058106188227,111.12999282060176,99.950940520388,98.92592444850973,126.41004052560798,325.8967562896285,159.69388028176212,163.1443125462828,139.85300016822166,99.950940520388
2026-02-13,5507.009765625,176.54011241828448,22546.669921875,109.18415033500375,5706699.0,0.010000000000000231,96.87999725341795,98.16596905136069,60.803955078125,128.6196391444031,117.5258,-9220.0,-65810.0,20.600000381469727,41.57,160.68805566293003,True,True,False,False,6622382.0,0.377,915306.0,3.66,3.65,4.04,2.95,5507.009765625,1290700.0,1106.0799560546875,1466900.0,22546.669921875,7964830000.0,6836.169921875,5718360000.0,20.600000381469727,0.0,96.87999725341795,0.0,60.803955078125,40091300.0,878041.9375,3534047.0,27.600000381469727,25919424.0,5507.01,1290659.0,1106.08,1466899.0,40.65,41.93,40.14,5624.0,831.0,5507.01,176.54011241828448,143.12814445111127,109.18415033500375,109.58895831722168,101.07949572994413,98.16596905136069,128.6196391444031,341.8225720713178,176.02040717026836,176.54011495763623,143.1281460681427,101.07949572994413
2026-02-20,5808.52978515625,186.2060437330747,22886.0703125,110.82772534639847,5700172.0,0.010000000000000231,97.8000030517578,99.09818688050306,62.01764678955078,131.18698184037677,117.9917,-7420.0,-82626.0,19.09000015258789,43.87,169.57866254348664,True,True,False,False,6613395.0,0.496,912727.0,3.66,3.65,4.08,2.86,5808.52978515625,1749300.0,1154.0,1331900.0,22886.0703125,8063070000.0,6909.509765625,5432480000.0,19.09000015258789,0.0,97.8000030517578,0.0,62.01764678955078,56421600.0,946888.375,5054333.0,31.780000686645508,51327389.0,5808.53,1749303.0,1154.0,1331918.0,42.5,43.88,41.98,-36474.0,16150.0,5808.53,186.2060437330747,149.32905871084782,110.82772534639847,110.76465131074897,93.67026957163924,99.09818688050306,131.18698184037677,368.6245565086468,202.67857186300762,186.20604537396494,149.3290544649905,93.67026957163924
2026-02-27,6244.1298828125,200.1702263807375,22668.2109375,109.77272295206211,5709867.0,0.03000000000000025,97.61000061035156,98.90566237274552,62.25640869140625,131.69203894757686,117.8223,-70528.0,-200516.0,19.86000061035156,54.12,209.1998453807499,True,True,False,False,6613797.0,16.318,887612.0,3.68,3.65,3.97,3.1,6244.1298828125,1166100.0,1192.780029296875,1263000.0,22668.2109375,9552610000.0,6878.8798828125,6665660000.0,19.86000061035156,0.0,97.61000061035156,0.0,62.25640869140625,34830100.0,1060592.625,6453062.0,39.7400016784668,59412837.0,6244.13,1166058.0,1192.78,1262964.0,54.03,55.13,52.87,-28689.0,5666.0,6244.13,200.1702263807375,154.34724352166361,109.77272295206211,110.27363119434439,97.44848590859567,98.90566237274552,131.69203894757686,412.88973056297846,253.44388332281537,200.17022449758127,154.34723534207225,97.44848590859567
2026-03-06,5584.8701171875,179.03610857641203,22387.6796875,108.41422671825912,5795329.0,0.0,98.98999786376952,100.30397752045998,57.02360534667969,120.62300113502688,119.491,-19418.0,-270564.0,29.489999771118164,62.72,242.44298415152684,True,True,False,False,6628894.0,1.512,832053.0,3.65,3.65,4.15,3.13,5584.8701171875,1223000.0,1154.6700439453125,1033200.0,22387.6796875,9300220000.0,6740.02001953125,5793120000.0,29.489999771118164,0.0,98.98999786376952,0.0,57.02360534667969,55731800.0,923645.25,3744322.0,29.86000061035156,145480860.0,5584.87,1223020.0,1154.67,1033230.0,68.0,68.03,62.69,-23624.0,-11142.0,5584.87,179.03610857641203,149.41576324433862,108.41422671825912,108.04760288566095,144.70069178358534,100.30397752045998,120.62300113502688,359.5759855564476,190.4336736555747,179.03609977527802,149.41575330943726,144.70069178358534
2026-03-13,5487.240234375,175.90635373292366,22105.359375,107.04706679843792,5807731.0,0.0,100.36000061035156,101.69216549562539,56.50629425048828,119.52872418491658,120.5518,-14502.0,-332912.0,27.190000534057617,60.76,234.8666408967916,True,True,False,False,6646344.0,0.427,838186.0,3.65,3.65,4.28,3.28,5487.240234375,907700.0,1152.9599609375,1343500.0,22105.359375,8278740000.0,6632.18994140625,5337120000.0,27.190000534057617,0.0,100.36000061035156,0.0,56.50629425048828,47897100.0,909650.625,3645102.0,26.399999618530277,71692640.0,5487.24,907656.0,1152.96,1343544.0,66.49,66.75,59.98,-24648.0,-10434.0,5487.24,175.90635373292366,149.19447634150148,107.04706679843792,106.31900542947861,133.415120970176,101.69216549562539,119.52872418491658,354.1278645631681,168.36734122904292,175.9063412632517,149.19447715420748,133.415120970176
2026-03-20,5781.2001953125,185.3299296405453,21647.609375,104.83037382386442,5802065.0,-0.029999999999999805,99.6500015258789,100.97274198067088,55.35229110717773,117.08764173109594,120.2757,-12402.0,-365497.0,26.780000686645508,55.64,215.0753768844221,True,True,False,False,6655939.0,0.822,853052.0,3.62,3.65,4.39,3.24,5781.2001953125,1490800.0,1161.52001953125,1251300.0,21647.609375,11743490000.0,6506.47998046875,10025820000.0,26.780000686645508,0.0,99.6500015258789,0.0,55.35229110717773,78534200.0,1006613.375,3426646.0,31.76000022888184,70583961.0,5781.2,1490805.0,1161.52,1251345.0,56.23,56.45,55.28,31961.0,-10260.0,5781.2,185.3299296405453,150.30215874385365,104.83037382386442,104.30377997038693,131.40334538481977,100.97274198067088,117.08764173109594,391.87555654070326,202.55101792567086,185.3299181576003,150.30215194295994,131.40334538481977
2026-03-27,5438.8701171875,174.3557361946601,20948.359375,101.44419673490643,5782092.0,-0.020000000000000018,100.1500015258789,101.47937891210357,54.91456985473633,116.16172252958164,120.8851,-34286.0,-498662.0,31.049999237060547,60.6,234.2481638964051,True,True,False,False,6657161.0,0.992,874077.0,3.63,3.65,4.44,3.42,5438.8701171875,900100.0,1141.510009765625,1463300.0,20948.359375,8713310000.0,6368.85009765625,5303490000.0,31.049999237060547,0.0,100.1500015258789,0.0,54.91456985473633,38596100.0,932641.75,4520942.0,26.200000762939453,112274292.0,5438.87,900081.0,1141.51,1463268.0,60.68,62.21,60.0,-14758.0,7785.0,5438.87,174.3557361946601,147.71283818657838,101.44419673490643,102.09746917602239,152.35525277564628,101.47937891210357,116.16172252958164,363.07833167262004,167.09183834831398,174.35572752539744,147.71283272299073,152.35525277564628
2026-04-03,5377.2998046875,172.38195544013382,21879.1796875,105.9517725892135,5827299.0,0.010000000000000231,100.02999877929688,101.35778326551994,56.29737854003906,119.08680123344,120.6565,8035.0,-557737.0,23.8700008392334,59.1,228.44994201778118,True,False,False,False,6675344.0,0.327,847718.0,3.66,3.65,4.35,3.13,5377.2998046875,1185200.0,1063.75,953900.0,21879.1796875,8134780000.0,6582.68994140625,4740740000.0,23.8700008392334,0.0,100.02999877929688,0.0,56.29737854003906,33449800.0,875663.6875,2927164.0,21.239999771118164,118828965.0,5377.3,1185178.0,1063.75,953913.0,59.28,59.83,58.94,24066.0,7390.0,5377.3,172.38195544013382,137.65059463055834,105.9517725892135,105.52548310649712,117.12464093318205,101.35778326551994,119.08680123344,340.8967170553908,135.45917957735688,172.38195684440328,137.65059071675358,117.12464093318205
2026-04-10,5858.8701171875,187.81982112846705,22902.890625,110.90917912804541,5944988.0,-0.040000000000000036,98.6500015258789,99.95946811780547,60.24685287475586,127.44119138928873,118.8552,10641.0,-507423.0,19.229999542236328,49.58,191.6505604947816,True,True,False,False,6693871.0,0.507,748376.0,3.61,3.65,4.31,2.94,5858.8701171875,1002400.0,1093.6300048828125,1516100.0,22902.890625,8700640000.0,6816.89013671875,4393220000.0,19.229999542236328,0.0,98.6500015258789,0.0,60.24685287475586,20508400.0,1026605.6875,3134921.0,30.18000030517578,56723134.0,5858.87,1002354.0,1093.63,1516075.0,53.06,53.81,49.07,47576.0,-2031.0,5858.87,187.81982112846705,141.51710503214062,110.90917912804541,109.2798888242162,94.35721459329532,99.95946811780547,127.44119138928873,399.6585830552011,192.47448799611138,187.81981207984845,141.5171003765577,94.35721459329532
2026-04-17,6191.919921875,198.49651364632498,24468.48046875,118.49067996410056,5954205.0,0.0,98.0999984741211,99.40216440096307,63.3109245300293,133.9226742156525,118.0795,-19974.0,-513913.0,17.479999542236328,48.51,187.51449555469654,True,True,False,False,6705696.0,0.137,751354.0,3.65,3.65,4.26,2.83,6191.919921875,689700.0,1170.0400390625,1836700.0,24468.48046875,10159120000.0,7126.06005859375,6145300000.0,17.479999542236328,0.0,98.0999984741211,0.0,63.3109245300293,46228600.0,1127566.875,3578235.0,37.0,33566759.0,6191.92,689740.0,1170.04,1836660.0,50.17,50.33,48.51,-10580.0,1501.0,6191.92,198.49651364632498,151.40466004090706,118.49067996410056,114.23611578587798,85.7703643868983,99.40216440096307,133.9226742156525,438.9628706031117,235.96938316249103,198.49651055808633,151.40465068129765,85.7703643868983
2026-04-24,6475.6298828125,207.59150176687154,24836.599609375,120.27332794406664,5701369.0,0.010000000000000231,98.51000213623048,99.8176103954576,63.41040802001953,134.1331133321036,118.7294,-19496.0,-531764.0,18.709999084472656,53.56,207.035175879397,True,True,False,False,6707419.0,0.082,1005968.0,3.66,3.65,4.31,2.86,6475.6298828125,878200.0,1203.8399658203125,1403000.0,24836.599609375,10203070000.0,7165.080078125,4608830000.0,18.709999084472656,0.0,98.51000213623048,0.0,63.41040802001953,26360600.0,1221530.875,3127857.0,42.68000030517578,33375151.0,6475.63,878201.0,1203.84,1402973.0,53.69,54.28,53.38,9184.0,8053.0,6475.63,207.59150176687154,155.77841328808185,120.27332794406664,114.86163612004405,91.80569114296702,99.8176103954576,134.1331133321036,475.543146317003,272.1938741996556,207.59149967461798,155.77841328174534,91.80569114296702
2026-05-01,6598.8701171875,211.54225648803177,25114.439453125,121.61879081615233,5717414.0,-0.009999999999999787,98.20999908447266,99.51362514433156,63.79838943481445,134.95381701003933,118.3926,-14559.0,-545674.0,16.989999771118164,54.34,210.0502512562814,False,True,False,False,6699950.0,0.607,981929.0,3.64,3.65,4.39,2.77,6598.8701171875,685500.0,1192.3499755859375,1386400.0,25114.439453125,7534290000.0,7230.1201171875,4847390000.0,16.989999771118164,0.0,98.20999908447266,0.0,63.79838943481445,22489200.0,1285506.25,3342342.0,47.59999847412109,27658415.0,6598.87,685459.0,1192.35,1386410.0,55.12,55.5,54.01,-18199.0,2838.0,6598.87,211.54225648803177,154.29159402785996,121.61879081615233,115.90427698638106,83.36604745217801,99.51362514433156,134.95381701003933,500.44882143087204,303.5714129317261,211.542246771024,154.29159280011388,83.36604745217801
2026-05-08,7498.0,240.36597341353513,26247.080078125,127.1036985521524,5830957.0,-0.04999999999999982,97.83999633789062,99.13871103203157,67.58869171142578,142.97150780728396,118.0392,-52967.0,-605235.0,17.190000534057617,60.53,233.97758020873601,True,True,False,False,6709505.0,0.787,877761.0,3.6,3.65,4.38,2.81,7498.0,523100.0,1207.719970703125,1233800.0,26247.080078125,9577150000.0,7398.93017578125,5302740000.0,17.190000534057617,0.0,97.83999633789062,0.0,67.58869171142578,27606300.0,1685352.75,4278087.0,78.4800033569336,69466508.0,7498.0,523091.0,1207.72,1233834.0,59.05,60.82,58.28,-22620.0,12542.0,7498.0,240.36597341353513,156.28049082442837,127.1036985521524,118.61042950835994,84.34740550505012,99.13871103203157,142.97150780728396,656.1094490460697,500.51021574934725,240.36596664112767,156.2804901719743,84.34740550505012
2026-05-15,7493.18017578125,240.21146264532734,26225.140625,126.99745490035956,5889271.0,-0.10000000000000009,99.2699966430664,100.58769296515572,64.73352813720703,136.9319317938089,119.2825,-56039.0,-804188.0,18.43000030517578,74.71,288.79010436799376,True,True,False,False,6728502.0,0.647,838584.0,3.55,3.65,4.59,2.8,7493.18017578125,885600.0,1129.8199462890625,1093000.0,26225.140625,9584430000.0,7408.5,5582070000.0,18.43000030517578,0.0,99.2699966430664,0.0,64.73352813720703,34830900.0,1818301.625,7485233.0,90.91999816894533,113990364.0,7493.18,885627.0,1129.82,1093008.0,70.55,75.93,67.01,-10287.0,-17347.0,7493.18,240.21146264532734,146.20012919591537,126.99745490035956,118.7638410062304,90.43180109965485,100.58769296515572,136.9319317938089,707.8665741509149,579.8469158124552,240.21145024219325,146.20013198928555,90.43180109965485
2026-05-22,7847.7099609375,251.57674630939422,26343.970703125,127.57289957397553,5931385.0,-0.10000000000000009,99.31999969482422,100.63835975056543,65.53933715820312,138.63647330540388,119.2868,-19221.0,-948665.0,16.700000762939453,66.97,258.8712794742945,True,True,False,False,6713643.0,0.965,781293.0,3.55,3.65,4.56,2.74,7847.7099609375,435500.0,1161.1300048828125,1027900.0,26343.970703125,9265090000.0,7473.47021484375,4952440000.0,16.700000762939453,0.0,99.31999969482422,0.0,65.53933715820312,30851000.0,1940254.75,3135190.0,97.0199966430664,43923315.0,7847.71,435533.0,1161.13,1027933.0,66.86,67.38,66.25,8149.0,7583.0,7847.71,251.57674630939422,150.25169035534879,127.57289957397553,119.80536253769341,81.94308857032983,100.63835975056543,138.63647330540388,755.3430431887447,618.7499665484144,251.57674047335874,150.2516854514163,81.94308857032983
2026-05-29,8476.150390625,271.7228780264196,26972.619140625,130.61718264308064,5862410.0,-0.020000000000000018,98.91000366210938,100.22292148673696,68.24527740478516,144.36039467884936,118.8783,-10421.0,-990314.0,15.31999969482422,74.26,287.0506378044067,True,True,False,False,6704383.0,11.677,830296.0,3.63,3.65,4.45,2.72,8476.150390625,735100.0,1074.800048828125,855800.0,26972.619140625,11906000000.0,7580.06005859375,7858290000.0,15.31999969482422,0.0,98.91000366210938,0.0,68.24527740478516,32143100.0,2332494.25,8518013.0,137.64999389648438,51932190.0,8476.15,735127.0,1074.8,855811.0,71.96,75.27,71.95,8632.0,23688.0,8476.15,271.7228780264196,139.08048491670465,130.61718264308064,121.51407810170825,75.17173859514503,100.22292148673696,144.36039467884936,908.0422583762513,877.8698419479479,271.72285784811874,139.08047464382304,75.17173859514503
2026-06-05,8160.58984375,261.6068446814587,25709.4296875,124.50008119841098,5835021.0,-0.020000000000000018,100.06999969482422,101.39831514771448,64.25601196289062,135.92183371799658,120.0831,-27638.0,-1175869.0,21.51000022888184,73.44,283.8809431774256,True,True,False,False,6711495.0,0.761,875713.0,3.63,3.65,4.55,2.76,8160.58984375,463200.0,1002.4400024414062,724400.0,25709.4296875,11550140000.0,7383.740234375,5591290000.0,21.51000022888184,0.0,100.06999969482422,0.0,64.25601196289062,56184500.0,2069551.25,5778751.0,106.9000015258789,129608322.0,8160.59,463197.0,1002.44,724352.0,73.87,73.9,72.05,-2336.0,-13809.0,8160.59,261.6068446814587,129.71700344772546,124.50008119841098,118.36692329440761,105.54465708855669,101.39831514771448,135.92183371799658,805.6782951878203,681.7602005440809,261.6068423195412,129.7169994435746,105.54465708855669
2026-06-12,8123.6201171875,260.4216933995132,25888.83984375,125.36889000873653,5896821.0,0.0,99.75,101.0740678208242,67.52899932861328,142.84523949583695,119.5073,22041.0,-1218930.0,17.68000030517578,89.91,347.54541940471586,True,True,False,False,6725397.0,0.454,828122.0,3.65,3.65,4.48,2.71,8123.6201171875,493400.0,1029.050048828125,644900.0,25888.83984375,10337400000.0,7431.4599609375,4950530000.0,17.68000030517578,0.0,99.75,0.0,67.52899932861328,39782800.0,2149534.0,5286416.0,106.5500030517578,130366315.0,8123.62,493406.0,1029.05,644915.0,85.31,91.94,84.86,23942.0,22870.0,8123.62,260.4216933995132,133.16037708653025,125.36889000873653,119.13190649186048,86.7517224397704,101.0740678208242,142.84523949583695,836.815656808816,679.5280674617521,260.42168230530774,133.1603669819744,86.7517224397704
2026-06-19,9052.419921875,290.1965492490747,26517.9296875,128.41531062482863,5855460.0,-0.029999999999999805,100.8499984741211,102.18866752384292,70.79000091552734,149.7432915521432,120.3958,-3555.0,-1193534.0,16.399999618530273,83.57,323.0382682643989,True,False,False,False,6736424.0,0.251,880713.0,3.62,3.65,4.46,2.66,9052.419921875,517200.0,966.5900268554688,882500.0,26517.9296875,18286150000.0,7500.580078125,9061110000.0,16.399999618530273,0.0,100.8499984741211,0.0,70.79000091552734,49998100.0,2763400.75,7478195.0,161.0,80703358.0,9052.42,517248.0,966.59,882519.0,81.6,84.87,79.51,4309.0,-12244.0,9052.42,290.1965492490747,125.07797129083211,128.41531062482863,120.23995408691863,80.47105149102165,102.18866752384292,149.7432915521432,1075.794573911008,1026.7856943016502,290.1965435771508,125.0779642593719,80.47105149102165
2026-06-26,8411.2099609375,269.6410602622519,25297.619140625,122.50585389942007,5810523.0,-0.029999999999999805,101.36000061035156,102.70543935849079,67.19000244140625,142.12815362128123,120.8866,-42906.0,-1359253.0,18.40999984741211,92.71,358.3687669114804,True,True,False,False,6735645.0,6.426,918696.0,3.62,3.65,4.38,2.83,8411.2099609375,518500.0,851.3699951171875,728800.0,25297.619140625,16594580000.0,7354.02001953125,9105600000.0,18.40999984741211,0.0,101.36000061035156,0.0,67.19000244140625,24158700.0,2672420.5,7467492.0,157.0,153265199.0,8411.21,518473.0,851.37,728780.0,92.06,94.04,89.59,7717.0,-41224.0,8411.21,269.6410602622519,110.16835354030216,122.50585389942007,117.89048584143143,90.33366342258284,102.70543935849079,142.12815362128123,1040.3758749463113,1001.2754907165161,269.6410539172472,110.16835103973915,90.33366342258284
2026-07-03,8088.33984375,259.2907014993931,25832.669921875,125.09688242555212,5842152.0,-0.009999999999999787,100.86000061035156,102.19880242705808,65.69999694824219,138.97631968864147,120.6902,-21750.0,-1557061.0,16.149999618530273,89.29,345.14882102821804,True,False,False,False,6724564.0,2.175,880237.0,3.64,3.65,4.49,2.74,8088.33984375,465800.0,868.4099731445312,601100.0,25832.669921875,9529580000.0,7483.240234375,5463520000.0,16.149999618530273,0.0,100.86000061035156,0.0,65.69999694824219,34258700.0,2424474.25,7984914.0,116.8000030517578,193721814.0,8088.34,465821.0,868.41,601113.0,89.11,90.96,87.63,1057.0,44079.0,8088.34,259.2907014993931,112.37334823638257,125.09688242555212,119.96198331737043,79.24435860439351,102.19880242705808,138.97631968864147,943.8501609789897,744.8979641486584,259.2906992027339,112.37334851641457,79.24435860439351
2026-07-10,7475.93994140625,239.65878650269937,26281.609375,127.27090958393784,5961002.0,-0.10000000000000009,100.97000122070312,102.31026317042658,66.9000015258789,141.51470975798733,120.5046,-3228.0,-1597825.0,15.029999732971191,78.15,302.0873598763046,True,True,False,False,6735609.0,0.545,774062.0,3.55,3.65,4.56,2.69,7475.93994140625,453200.0,837.4299926757812,491000.0,26281.609375,7094480000.0,7575.39013671875,4006370000.0,15.029999732971191,0.0,100.97000122070312,0.0,66.9000015258789,18694800.0,2179527.5,4827239.0,89.4000015258789,108557475.0,7475.94,453242.0,837.43,490954.0,82.03,83.2,78.14,32633.0,11314.0,7475.94,239.65878650269937,108.36449960355856,127.27090958393784,121.43921573293264,73.74877503383485,102.31026317042658,141.51470975798733,848.4921552510343,570.153059859119,239.6587816285772,108.36449747020535,73.74877503383485
2026-07-17,6820.60009765625,218.65033098660942,25520.240234375,123.58391531833324,5986710.0,-0.06000000000000005,100.75,102.0873416836896,63.290000915527344,133.87841413843583,120.5315,-13665.0,-1595599.0,18.770000457763672,87.14,336.8380363355238,False,True,False,False,6743028.0,0.1,756218.0,3.59,3.65,4.55,2.73,6820.60009765625,424300.0,791.8400268554688,525800.0,25520.240234375,7820470000.0,7457.68994140625,5303290000.0,18.770000457763672,0.0,100.75,0.0,63.290000915527344,35145100.0,1841600.625,5608812.0,44.79999923706055,170866004.0,6820.6,424280.0,791.84,525847.0,85.15,89.75,85.15,725.0,-23831.0,6820.6,218.65033098660942,102.46510039852652,123.58391531833324,119.55239285617,92.10010417418304,102.0873416836896,133.87841413843583,716.9368972944374,285.71427528781743,218.65032169544884,102.46509401001566,92.10010417418304
2026-07-24,6797.7001953125,217.91622091486622,25690.900390625,124.41035151581875,5917379.0,-0.029999999999999805,101.13999938964844,102.48251787175381,64.98999786376953,137.47444656344103,120.5736,26210.0,-1561239.0,16.639999389648438,82.79,320.02319288751454,True,True,False,False,6747378.0,0.376,829623.0,3.62,3.65,4.67,2.68,6797.7001953125,373800.0,751.0900268554688,501100.0,25690.900390625,7473050000.0,7498.9599609375,4890390000.0,16.639999389648438,0.0,101.13999938964844,0.0,64.98999786376953,13399800.0,1829603.25,4802637.0,55.7599983215332,154200818.0,6797.7,368680.0,751.09,496358.0,81.78,83.29,81.78,16629.0,-13963.0,6797.7,217.91622091486622,97.19199888858972,124.41035151581875,120.21398238683526,81.6486755391138,102.48251787175381,137.47444656344103,712.2663076500742,355.6122272722629,217.91620851378948,97.19199265000842,81.6486755391138
