date,LS_KOSPI_Close,LS_KOSPI_Volume,LS_KOSDAQ_Close,LS_KOSDAQ_Volume
2025-08-01,3119.41,507776,772.79,835015
2025-08-04,3147.75,293454,784.06,705683
2025-08-05,3198.0,273440,798.6,689089
2025-08-06,3198.14,327358,803.49,696605
2025-08-07,3227.68,327048,805.81,765440
2025-08-08,3210.01,341443,809.27,848043
2025-08-11,3206.77,304968,811.85,928260
2025-08-12,3189.91,373217,807.19,1106880
2025-08-13,3224.37,320070,814.1,979563
2025-08-14,3225.66,441468,815.26,912584
2025-08-18,3177.28,326133,798.05,764723
2025-08-19,3151.56,285291,787.96,866728
2025-08-20,3130.09,335285,777.61,877724
2025-08-21,3141.74,276915,777.24,894577
2025-08-22,3168.73,236797,782.51,833027
2025-08-25,3209.86,220165,798.02,770618
2025-08-26,3179.36,325353,801.66,784245
2025-08-27,3187.16,281721,801.72,729017
2025-08-28,3196.32,312188,798.43,787081
2025-08-29,3186.01,245132,796.91,855306
2025-09-01,3142.93,260138,785.0,1093853
2025-09-02,3172.35,310678,794.0,1039047
2025-09-03,3184.42,335816,796.81,1189074
2025-09-04,3200.83,286256,805.42,1252331
2025-09-05,3205.12,323845,811.4,1013622
2025-09-08,3219.59,372300,818.6,886186
2025-09-09,3260.05,439946,824.82,1282471
2025-09-10,3314.53,564707,833.0,895071
2025-09-11,3344.2,435589,834.76,960434
2025-09-12,3395.54,448857,847.08,954438
2025-09-15,3407.31,378854,852.69,944743
2025-09-16,3449.62,406214,851.84,1035618
2025-09-17,3413.4,326610,845.53,1004374
2025-09-18,3461.3,391177,857.11,968141
2025-09-19,3445.24,348845,863.11,951398
2025-09-22,3468.65,287867,874.36,956058
2025-09-23,3486.19,358335,872.21,964171
2025-09-24,3472.14,287145,860.94,1036233
2025-09-25,3471.11,293075,852.48,871794
2025-09-26,3386.05,399150,835.19,749242
2025-09-29,3431.21,416480,846.71,663696
2025-09-30,3424.6,526402,841.99,839740
2025-10-01,3455.83,493641,845.34,620014
2025-10-02,3549.21,402107,854.25,820880
2025-10-10,3610.6,407411,859.49,773577
2025-10-13,3584.55,408033,860.49,698532
2025-10-14,3561.81,734085,847.96,996539
2025-10-15,3657.28,543607,864.72,879762
2025-10-16,3748.37,495791,865.41,899458
2025-10-17,3748.89,420770,859.54,859532
2025-10-20,3814.69,410147,875.77,846813
2025-10-21,3823.84,526854,872.5,1118285
2025-10-22,3883.68,597216,879.15,871961
2025-10-23,3845.56,423588,872.03,1060356
2025-10-24,3941.59,426897,883.08,961807
2025-10-27,4042.83,516999,902.7,997294
2025-10-28,4010.41,408225,903.3,842075
2025-10-29,4081.15,466898,901.59,976841
2025-10-30,4086.89,566538,890.86,1214716
2025-10-31,4107.5,408275,900.42,895006
2025-11-03,4221.87,472676,914.55,1037137
2025-11-04,4121.74,423543,926.57,931506
2025-11-05,4004.42,594163,901.89,1130177
2025-11-06,4026.45,423421,898.17,981007
2025-11-07,3953.76,377050,876.81,1041128
2025-11-10,4073.24,339514,888.35,727290
2025-11-11,4106.39,377554,884.27,966121
2025-11-12,4150.39,334584,906.51,1001472
2025-11-13,4170.63,424189,918.37,911087
2025-11-14,4011.57,399992,897.9,831830
2025-11-17,4089.25,344097,902.67,715016
2025-11-18,3953.62,319660,878.7,849174
2025-11-19,3929.51,338242,871.32,748690
2025-11-20,4004.85,360282,891.94,636595
2025-11-21,3853.26,319324,863.95,752170
2025-11-24,3846.06,373120,856.44,707039
2025-11-25,3857.78,279294,856.03,679352
2025-11-26,3960.87,295327,877.32,623313
2025-11-27,3986.91,257855,880.06,721127
2025-11-28,3926.59,241923,912.67,802794
2025-12-01,3920.37,296915,922.38,847837
2025-12-02,3994.93,319035,928.42,783739
2025-12-03,4036.3,290896,932.01,816178
2025-12-04,4028.51,352043,929.83,754373
2025-12-05,4100.05,478513,924.74,699774
2025-12-08,4154.85,395583,927.79,702958
2025-12-09,4143.55,400643,931.35,711666
2025-12-10,4135.0,317902,935.0,770850
2025-12-11,4110.62,539843,934.64,912428
2025-12-12,4167.16,426616,937.34,1012037
2025-12-15,4090.59,346845,938.83,991670
2025-12-16,3999.13,373990,916.11,933444
2025-12-17,4056.41,360956,911.07,1005567
2025-12-18,3994.51,581445,901.33,900507
2025-12-19,4020.55,442664,915.27,973703
2025-12-22,4105.93,315627,929.14,986662
2025-12-23,4117.32,385848,919.56,956469
2025-12-24,4108.62,363614,915.2,833835
2025-12-26,4129.68,510162,919.67,829359
2025-12-29,4220.56,502394,932.59,913419
2025-12-30,4214.17,408198,925.47,818897
2026-01-02,4309.63,406339,945.57,884031
2026-01-05,4457.52,513870,957.5,1096668
2026-01-06,4525.48,498391,955.97,1042711
2026-01-07,4551.06,553654,947.39,1072221
2026-01-08,4552.37,440086,944.06,971004
2026-01-09,4586.32,399220,947.92,924589
2026-01-12,4624.79,394753,949.81,1083537
2026-01-13,4692.64,429151,948.98,1107522
2026-01-14,4723.1,550416,942.18,948433
2026-01-15,4797.55,545175,951.16,951960
2026-01-16,4840.74,720906,954.59,1222180
2026-01-19,4904.66,570841,968.36,1281388
2026-01-20,4885.75,667709,976.37,1390666
2026-01-21,4909.93,600101,951.29,1565807
2026-01-22,4952.53,568624,970.35,1444825
2026-01-23,4990.07,612602,993.93,1452895
2026-01-26,4949.59,446903,1064.41,1547814
2026-01-27,5084.85,476156,1082.59,1322259
2026-01-28,5170.81,593109,1133.52,1596894
2026-01-29,5221.25,699659,1164.41,1540156
2026-01-30,5224.36,862541,1149.44,1465198
2026-02-02,4949.67,572544,1098.36,1243911
2026-02-03,5288.08,672610,1144.33,1166573
2026-02-04,5371.1,789920,1149.43,1179457
2026-02-05,5163.57,911910,1108.41,1370412
2026-02-06,5089.14,745764,1080.77,1476136
2026-02-09,5298.04,617658,1127.55,1134871
2026-02-10,5301.69,712268,1115.2,1341864
2026-02-11,5354.49,753767,1114.87,1313253
2026-02-12,5522.27,750615,1125.99,1576134
2026-02-13,5507.01,1290659,1106.08,1466899
2026-02-19,5677.25,1185838,1160.71,1351785
2026-02-20,5808.53,1749303,1154.0,1331918
2026-02-23,5846.09,1477789,1151.99,1433817
2026-02-24,5969.64,1602005,1165.0,1335412
2026-02-25,6083.86,1415255,1165.25,1512981
2026-02-26,6307.27,1409623,1188.15,1449495
2026-02-27,6244.13,1166058,1192.78,1262964
2026-03-03,5791.91,1227193,1137.7,1290763
2026-03-04,5093.54,1637606,978.44,1454920
2026-03-05,5583.9,1660710,1116.41,1044637
2026-03-06,5584.87,1223020,1154.67,1033230
2026-03-09,5251.87,1026238,1102.28,1044170
2026-03-10,5532.59,923210,1137.68,984763
2026-03-11,5609.95,1050946,1136.83,1307017
2026-03-12,5583.25,801306,1148.4,1268603
2026-03-13,5487.24,907656,1152.96,1343544
2026-03-16,5549.85,1073860,1138.29,1177918
2026-03-17,5640.48,1135071,1136.94,1244518
2026-03-18,5925.03,1143772,1164.38,1298538
2026-03-19,5763.22,1184170,1143.48,1210669
2026-03-20,5781.2,1490805,1161.52,1251345
2026-03-23,5405.75,1125620,1096.89,1059627
2026-03-24,5553.92,1170518,1121.44,1237347
2026-03-25,5642.21,763224,1159.55,1133746
2026-03-26,5460.46,925093,1136.64,1158122
2026-03-27,5438.87,900081,1141.51,1463268
2026-03-30,5277.3,727391,1107.05,1133950
2026-03-31,5052.46,1163312,1052.39,1228504
2026-04-01,5478.7,958953,1116.18,1055086
2026-04-02,5234.05,1428160,1056.34,1530434
2026-04-03,5377.3,1185178,1063.75,953913
2026-04-06,5450.33,1110507,1047.37,1176731
2026-04-07,5494.78,990449,1036.73,1154251
2026-04-08,5872.34,932610,1089.85,1198291
2026-04-09,5778.01,1026733,1076.0,1223574
2026-04-10,5858.87,1002354,1093.63,1516075
2026-04-13,5808.62,1083211,1099.84,1282994
2026-04-14,5967.75,889491,1121.88,1429628
2026-04-15,6091.39,923846,1152.43,1533312
2026-04-16,6226.05,925695,1162.97,1902506
2026-04-17,6191.92,689740,1170.04,1836660
2026-04-20,6219.09,692878,1174.85,1488715
2026-04-21,6388.47,792022,1179.03,1571861
2026-04-22,6417.93,900140,1181.12,1427239
2026-04-23,6475.81,1042392,1174.31,1687849
2026-04-24,6475.63,878201,1203.84,1402973
2026-04-27,6615.03,842664,1226.18,1523708
2026-04-28,6641.02,1139472,1215.58,1527372
2026-04-29,6690.9,717859,1220.26,1255886
2026-04-30,6598.87,685459,1192.35,1386410
2026-05-04,6936.99,873009,1213.74,1176129
2026-05-06,7384.56,995692,1210.17,1432966
2026-05-07,7490.05,767462,1199.18,1420113
2026-05-08,7498.0,523091,1207.72,1233834
2026-05-11,7822.24,731279,1207.34,1319086
2026-05-12,7643.15,1021136,1179.29,1517367
2026-05-13,7844.01,738739,1176.93,1132221
2026-05-14,7981.41,849942,1191.09,993503
2026-05-15,7493.18,885627,1129.82,1093008
2026-05-18,7516.04,566618,1111.09,955327
2026-05-19,7271.66,533509,1084.36,1103761
2026-05-20,7208.95,492494,1056.07,1227091
2026-05-21,7815.59,621082,1105.97,926096
2026-05-22,7847.71,435533,1161.13,1027933
2026-05-26,8047.51,519551,1172.52,1186406
2026-05-27,8228.7,619451,1133.13,1228979
2026-05-28,8185.29,668951,1104.36,977729
2026-05-29,8476.15,735127,1074.8,855811
2026-06-01,8788.38,636175,1050.03,835032
2026-06-02,8801.49,632553,1026.03,774800
2026-06-04,8639.41,437896,1049.73,622960
2026-06-05,8160.59,463197,1002.44,724352
2026-06-08,7484.41,452204,911.39,624351
2026-06-09,8096.93,448537,967.81,620286
2026-06-10,7730.82,460877,951.63,614592
2026-06-11,7763.95,478730,996.93,635319
2026-06-12,8123.62,493406,1029.05,644915
2026-06-15,8545.98,516648,1034.03,561329
2026-06-16,8726.6,586337,1018.68,621165
2026-06-17,8864.24,571194,1031.96,570786
2026-06-18,9063.84,510940,1000.93,611803
2026-06-19,9052.42,517248,966.59,882519
2026-06-22,9114.55,381081,968.4,631819
2026-06-23,8203.84,488742,891.52,797432
2026-06-24,8471.02,418169,909.31,643383
2026-06-25,8930.3,456880,887.81,639125
2026-06-26,8411.21,518473,851.37,728780
2026-06-29,8394.65,371223,920.57,576404
2026-06-30,8476.48,449824,916.18,661151
2026-07-01,8303.41,468193,929.35,601212
2026-07-02,7648.09,505157,866.72,560644
2026-07-03,8088.34,465821,868.41,601113
2026-07-06,8051.33,448691,847.07,535135
2026-07-07,7656.31,516366,831.23,543545
2026-07-08,7246.79,501071,785.0,571918
2026-07-09,7291.91,582791,794.0,442789
2026-07-10,7475.94,453242,837.43,490954
2026-07-13,6806.93,474085,799.36,523405
2026-07-14,6856.83,491599,783.98,551553
2026-07-15,7284.41,397854,829.43,497383
2026-07-16,6820.6,424280,791.84,525847
2026-07-20,6516.27,345825,749.64,528418
2026-07-21,6747.95,391092,753.34,498846
2026-07-22,7087.32,247769,776.03,379727
