date,VKOSPI,VKOSPI_Open,VKOSPI_High,VKOSPI_Low
2025-08-01,25.87,23.07,26.21,22.94
2025-08-04,24.05,26.05,26.19,23.95
2025-08-05,22.31,23.26,23.51,22.3
2025-08-06,21.93,22.72,23.0,21.83
2025-08-07,21.08,21.59,21.81,21.07
2025-08-08,20.79,21.12,21.22,20.49
2025-08-11,20.34,20.72,21.08,20.15
2025-08-12,21.15,20.37,21.18,20.07
2025-08-13,20.11,20.11,20.49,20.03
2025-08-14,20.46,19.98,20.56,19.98
2025-08-18,21.37,21.44,21.79,21.27
2025-08-19,21.5,21.15,21.69,21.01
2025-08-20,22.13,22.04,23.53,21.91
2025-08-21,21.38,21.97,22.01,21.07
2025-08-22,21.09,21.45,21.63,21.02
2025-08-25,20.1,21.19,21.19,20.04
2025-08-26,20.37,20.27,20.78,20.21
2025-08-27,19.97,20.44,20.56,19.83
2025-08-28,19.31,20.14,20.16,19.23
2025-08-29,19.52,19.29,19.52,19.13
2025-09-01,20.4,20.32,20.71,19.44
2025-09-02,19.57,20.45,20.45,19.43
2025-09-03,19.74,19.9,20.13,19.49
2025-09-04,19.26,19.58,19.59,19.12
2025-09-05,18.43,18.7,18.8,18.41
2025-09-08,18.36,18.71,18.79,18.33
2025-09-09,18.7,18.25,18.84,18.03
2025-09-10,20.38,18.87,20.6,18.82
2025-09-11,20.06,20.63,20.98,19.94
2025-09-12,20.61,20.98,21.05,20.43
2025-09-15,20.71,21.16,21.33,20.68
2025-09-16,21.03,20.69,21.27,20.3
2025-09-17,21.1,21.1,21.16,20.86
2025-09-18,20.69,20.73,20.82,20.26
2025-09-19,20.68,20.95,21.25,20.67
2025-09-22,20.94,21.28,21.46,20.79
2025-09-23,20.98,21.23,21.33,20.82
2025-09-24,21.2,21.2,21.69,21.18
2025-09-25,20.62,21.17,21.29,20.55
2025-09-26,21.77,20.82,22.67,20.7
2025-09-29,20.96,21.17,21.18,20.77
2025-09-30,20.62,21.08,21.09,20.48
2025-10-01,20.55,20.48,20.55,20.13
2025-10-02,22.34,21.35,22.66,20.96
2025-10-10,23.9,22.99,24.47,22.88
2025-10-13,28.03,27.56,28.44,27.24
2025-10-14,30.45,26.55,31.12,26.01
2025-10-15,27.66,28.89,29.02,27.26
2025-10-16,29.89,27.86,30.11,27.78
2025-10-17,34.58,32.72,34.62,32.09
2025-10-20,30.9,32.18,32.34,30.9
2025-10-21,30.62,30.26,31.65,30.0
2025-10-22,29.98,30.6,30.91,29.45
2025-10-23,30.63,31.05,31.44,30.03
2025-10-24,31.29,30.77,31.31,30.53
2025-10-27,32.94,32.57,32.99,32.16
2025-10-28,33.24,33.36,34.27,32.99
2025-10-29,32.63,33.61,34.0,32.38
2025-10-30,31.89,32.97,33.02,31.68
2025-10-31,30.4,31.96,31.97,30.38
2025-11-03,32.89,31.15,33.14,30.77
2025-11-04,35.78,33.62,35.78,33.42
2025-11-05,40.51,37.5,42.97,37.48
2025-11-06,40.2,39.17,40.64,38.58
2025-11-07,41.88,43.93,44.65,41.88
2025-11-10,39.75,41.15,41.28,39.69
2025-11-11,38.93,39.71,40.03,38.92
2025-11-12,36.1,38.48,38.48,36.1
2025-11-13,33.34,34.89,34.93,33.1
2025-11-14,36.66,35.97,36.93,34.46
2025-11-17,34.36,35.93,36.13,34.08
2025-11-18,39.26,35.41,40.12,34.68
2025-11-19,39.51,37.84,41.71,37.84
2025-11-20,36.28,36.33,36.43,34.88
2025-11-21,41.38,40.7,41.58,39.79
2025-11-24,38.72,39.4,40.07,38.61
2025-11-25,37.16,36.98,37.92,36.79
2025-11-26,33.06,36.31,36.31,32.97
2025-11-27,30.79,32.06,32.16,30.77
2025-11-28,30.24,30.5,30.88,30.24
2025-12-01,31.55,31.0,32.01,30.73
2025-12-02,29.73,31.71,31.72,29.73
2025-12-03,29.36,29.48,29.78,28.89
2025-12-04,28.4,29.54,29.73,28.37
2025-12-05,26.95,28.42,28.42,26.64
2025-12-08,27.33,28.06,28.26,27.26
2025-12-09,27.87,27.51,27.96,27.44
2025-12-10,27.64,27.96,27.96,27.44
2025-12-11,27.4,27.15,27.99,26.52
2025-12-12,25.05,26.79,26.93,25.04
2025-12-15,26.92,28.06,28.06,26.69
2025-12-16,28.37,26.85,28.64,26.59
2025-12-17,26.78,27.93,28.39,26.78
2025-12-18,27.86,28.23,28.51,27.74
2025-12-19,27.27,27.47,27.89,27.22
2025-12-22,27.19,27.24,27.53,27.04
2025-12-23,26.11,26.8,26.83,26.02
2025-12-24,25.99,26.08,26.09,25.78
2025-12-26,26.2,26.4,26.57,26.2
2025-12-29,27.48,27.17,27.54,26.73
2025-12-30,28.85,27.76,28.88,27.73
2026-01-02,30.6,30.05,30.72,29.56
2026-01-05,33.03,32.67,33.35,32.13
2026-01-06,34.33,32.98,34.41,32.83
2026-01-07,35.57,36.5,37.29,35.54
2026-01-08,35.21,35.31,36.4,35.19
2026-01-09,34.16,35.26,35.47,33.98
2026-01-12,33.5,35.12,35.22,33.2
2026-01-13,32.52,33.54,33.59,32.24
2026-01-14,31.57,32.56,32.63,31.47
2026-01-15,32.39,31.51,33.0,30.76
2026-01-16,31.62,33.45,33.51,31.32
2026-01-19,32.99,33.28,33.56,32.39
2026-01-20,34.56,33.17,34.56,32.77
2026-01-21,35.58,35.59,36.1,34.79
2026-01-22,36.36,37.3,37.65,34.22
2026-01-23,34.09,36.02,36.22,34.09
2026-01-26,34.35,35.15,35.2,34.28
2026-01-27,34.81,34.5,34.84,33.61
2026-01-28,38.68,37.72,38.97,36.94
2026-01-29,38.92,39.51,40.52,38.54
2026-01-30,39.58,38.96,40.05,38.62
2026-02-02,47.37,41.98,47.37,41.61
2026-02-03,50.14,48.77,50.25,45.08
2026-02-04,50.7,49.93,52.4,49.66
2026-02-05,52.21,51.08,52.68,48.69
2026-02-06,51.48,52.65,54.24,51.48
2026-02-09,47.16,52.48,56.42,47.16
2026-02-10,42.0,46.42,46.86,41.86
2026-02-11,38.88,41.08,41.33,38.73
2026-02-12,40.51,40.61,41.91,39.13
2026-02-13,41.57,40.65,41.93,40.14
2026-02-19,42.56,44.34,45.23,42.39
2026-02-20,43.87,42.5,43.88,41.98
2026-02-23,46.34,46.04,46.46,45.22
2026-02-24,48.12,47.13,48.3,46.74
2026-02-25,49.57,48.6,50.99,48.4
2026-02-26,54.67,50.5,55.03,50.34
2026-02-27,54.12,54.03,55.13,52.87
2026-03-03,62.98,56.82,62.98,55.41
2026-03-04,80.37,65.74,80.85,64.98
2026-03-05,73.71,81.99,83.58,73.16
2026-03-06,62.72,68.0,68.03,62.69
2026-03-09,71.82,62.29,72.97,62.16
2026-03-10,66.61,69.31,70.42,65.47
2026-03-11,63.19,62.56,63.53,62.01
2026-03-12,65.35,64.28,65.57,63.93
2026-03-13,60.76,66.49,66.75,59.98
2026-03-16,54.67,58.32,58.68,54.53
2026-03-17,52.6,52.44,53.23,51.14
2026-03-18,54.18,50.41,54.2,50.23
2026-03-19,55.47,54.54,55.87,53.97
2026-03-20,55.64,56.23,56.45,55.28
2026-03-23,62.8,58.51,62.88,57.9
2026-03-24,64.99,63.48,66.56,63.48
2026-03-25,61.5,61.17,62.47,61.17
2026-03-26,59.85,60.89,60.89,59.43
2026-03-27,60.6,60.68,62.21,60.0
2026-03-30,61.43,62.98,63.53,61.39
2026-03-31,61.48,62.2,62.67,61.08
2026-04-01,61.65,60.22,61.87,58.88
2026-04-02,58.91,56.8,59.45,56.12
2026-04-03,59.1,59.28,59.83,58.94
2026-04-06,59.64,59.23,59.64,59.12
2026-04-07,59.49,59.92,61.23,59.07
2026-04-08,57.7,57.69,58.86,56.72
2026-04-09,53.96,56.43,56.43,53.96
2026-04-10,49.58,53.06,53.81,49.07
2026-04-13,50.14,51.54,51.98,50.11
2026-04-14,49.87,48.52,49.87,46.54
2026-04-15,51.97,50.21,56.12,50.21
2026-04-16,50.47,52.51,53.75,50.27
2026-04-17,48.51,50.17,50.33,48.51
2026-04-20,50.32,49.73,50.55,49.09
2026-04-21,51.63,50.53,52.17,50.53
2026-04-22,52.12,51.74,52.43,51.24
2026-04-23,54.03,52.71,54.7,52.7
2026-04-24,53.56,53.69,54.28,53.38
2026-04-27,54.95,55.41,55.6,54.77
2026-04-28,55.0,54.08,55.17,54.05
2026-04-29,55.57,55.8,56.0,55.26
2026-04-30,54.34,55.12,55.5,54.01
2026-05-04,55.87,54.99,56.35,54.99
2026-05-06,60.07,55.48,64.83,54.57
2026-05-07,61.05,60.71,62.3,59.38
2026-05-08,60.53,59.05,60.82,58.28
2026-05-11,65.6,60.14,67.31,60.14
2026-05-12,70.14,67.23,71.91,64.36
2026-05-13,76.16,75.28,79.1,73.31
2026-05-14,72.91,72.02,74.99,70.8
2026-05-15,74.71,70.55,75.93,67.01
2026-05-18,74.05,76.81,82.23,74.05
2026-05-19,72.51,74.76,76.01,72.5
2026-05-20,71.37,71.44,72.95,71.37
2026-05-21,71.33,70.64,72.99,68.7
2026-05-22,66.97,66.86,67.38,66.25
2026-05-26,68.09,69.82,70.29,68.08
2026-05-27,70.78,67.75,74.06,67.75
2026-05-28,71.6,70.84,72.29,69.96
2026-05-29,74.26,71.96,75.27,71.95
2026-06-01,74.22,72.27,75.14,72.27
2026-06-02,73.6,75.37,75.42,71.65
2026-06-04,73.44,73.88,74.27,73.14
2026-06-05,73.44,73.87,73.9,72.05
2026-06-08,76.63,76.09,76.63,74.77
2026-06-09,91.23,86.55,91.23,85.56
2026-06-10,88.35,87.39,89.17,86.04
2026-06-11,87.3,88.09,89.47,87.29
2026-06-12,89.91,85.31,91.94,84.86
2026-06-15,87.85,88.32,94.25,87.15
2026-06-16,84.29,87.34,88.25,84.21
2026-06-17,79.65,81.29,81.34,79.4
2026-06-18,80.25,77.32,82.7,77.06
2026-06-19,83.57,81.6,84.87,79.51
2026-06-22,87.36,87.36,90.6,86.58
2026-06-23,89.41,87.99,89.69,85.9
2026-06-24,94.81,95.32,97.78,94.19
2026-06-25,95.09,96.47,96.47,93.49
2026-06-26,92.71,92.06,94.04,89.59
2026-06-29,96.94,97.99,97.99,96.58
2026-06-30,93.8,95.48,95.64,93.78
2026-07-01,88.67,89.9,90.26,87.72
2026-07-02,86.41,86.37,87.37,83.97
2026-07-03,89.29,89.11,90.96,87.63
2026-07-06,86.86,87.83,88.38,85.85
2026-07-07,85.69,85.78,86.27,84.5
2026-07-08,87.9,86.36,88.28,85.78
2026-07-09,85.48,89.64,89.64,85.31
2026-07-10,78.15,82.03,83.2,78.14
2026-07-13,83.33,77.66,83.35,75.88
2026-07-14,83.97,82.48,87.99,81.79
2026-07-15,85.79,86.0,88.31,83.69
2026-07-16,87.14,85.15,89.75,85.15
2026-07-20,86.87,88.47,88.54,86.86
2026-07-21,84.89,87.07,87.07,84.73
2026-07-22,82.79,81.78,83.29,81.78
